-- MySQL dump 10.13  Distrib 8.0.21, for Win64 (x86_64)
--
-- Host: 127.0.0.1    Database: inventory
-- ------------------------------------------------------
-- Server version	8.0.17


-- CREATE USER IF NOT EXISTS 'invuser2'@'localhost' IDENTIFIED BY 'testinv!';

DROP DATABASE IF EXISTS inventory;
CREATE DATABASE inventory;
USE Inventory;

-- GRANT SELECT,UPDATE,INSERT,DELETE ON inventory.* TO 'invuser2'@'localhost';



-- MySQL dump 10.13  Distrib 8.0.17, for Win64 (x86_64)
--
-- Host: 127.0.0.1    Database: inventory
-- ------------------------------------------------------
-- Server version	8.0.17

/*!40101 SET @OLD_CHARACTER_SET_CLIENT=@@CHARACTER_SET_CLIENT */;
/*!40101 SET @OLD_CHARACTER_SET_RESULTS=@@CHARACTER_SET_RESULTS */;
/*!40101 SET @OLD_COLLATION_CONNECTION=@@COLLATION_CONNECTION */;
/*!50503 SET NAMES utf8 */;
/*!40103 SET @OLD_TIME_ZONE=@@TIME_ZONE */;
/*!40103 SET TIME_ZONE='+00:00' */;
/*!40014 SET @OLD_UNIQUE_CHECKS=@@UNIQUE_CHECKS, UNIQUE_CHECKS=0 */;
/*!40014 SET @OLD_FOREIGN_KEY_CHECKS=@@FOREIGN_KEY_CHECKS, FOREIGN_KEY_CHECKS=0 */;
/*!40101 SET @OLD_SQL_MODE=@@SQL_MODE, SQL_MODE='NO_AUTO_VALUE_ON_ZERO' */;
/*!40111 SET @OLD_SQL_NOTES=@@SQL_NOTES, SQL_NOTES=0 */;

--
-- Table structure for table `customer`
--

DROP TABLE IF EXISTS `customer`;
/*!40101 SET @saved_cs_client     = @@character_set_client */;
/*!50503 SET character_set_client = utf8mb4 */;
CREATE TABLE `customer` (
  `customerID` int(11) NOT NULL AUTO_INCREMENT,
  `customer_discount` double DEFAULT '0',
  `first_name` varchar(46) DEFAULT NULL,
  `last_name` varchar(46) DEFAULT NULL,
  `business_name` varchar(46) DEFAULT NULL,
  `email` varchar(100) DEFAULT NULL,
  `isWholesale` tinyint(4) DEFAULT '0',
  `addr1` varchar(46) DEFAULT NULL,
  `addr2` varchar(46) DEFAULT NULL,
  `city` varchar(50) DEFAULT NULL,
  `state` varchar(2) DEFAULT NULL,
  `zip` varchar(10) DEFAULT NULL,
  `phone` varchar(15) DEFAULT NULL,
  PRIMARY KEY (`customerID`)
) ENGINE=InnoDB AUTO_INCREMENT=3 DEFAULT CHARSET=utf8mb4 COLLATE=utf8mb4_0900_ai_ci;
/*!40101 SET character_set_client = @saved_cs_client */;

--
-- Dumping data for table `customer`
--

LOCK TABLES `customer` WRITE;
/*!40000 ALTER TABLE `customer` DISABLE KEYS */;
INSERT INTO `customer` VALUES (0,0,'None',NULL,NULL,NULL,0,NULL,NULL,NULL,NULL,NULL,NULL),(1,0,'Bob','Roberts','','Bob@burgers.com',1,'123 burger st','','Springville','IA','52231','555-123-4567'),(2,0,'Jane','Doe','None','Jane.Doe@None.Com',1,'string','string','Solon','IA','52333','555-123-4567');
/*!40000 ALTER TABLE `customer` ENABLE KEYS */;
UNLOCK TABLES;

--
-- Table structure for table `discount`
--

DROP TABLE IF EXISTS `discount`;
/*!40101 SET @saved_cs_client     = @@character_set_client */;
/*!50503 SET character_set_client = utf8mb4 */;
CREATE TABLE `discount` (
  `DiscountID` int(11) NOT NULL AUTO_INCREMENT,
  `DiscountName` varchar(50) NOT NULL,
  `minQty` int(11) NOT NULL,
  `maxQty` int(11) DEFAULT NULL,
  `Discount` double NOT NULL,
  PRIMARY KEY (`DiscountID`)
) ENGINE=InnoDB AUTO_INCREMENT=3 DEFAULT CHARSET=utf8mb4 COLLATE=utf8mb4_0900_ai_ci;
/*!40101 SET character_set_client = @saved_cs_client */;

--
-- Dumping data for table `discount`
--

LOCK TABLES `discount` WRITE;
/*!40000 ALTER TABLE `discount` DISABLE KEYS */;
INSERT INTO `discount` VALUES (1,'Half Case Discount',6,11,0.05),(2,'Case Discount',12,NULL,0.1);
/*!40000 ALTER TABLE `discount` ENABLE KEYS */;
UNLOCK TABLES;

--
-- Table structure for table `discount_inventory`
--

DROP TABLE IF EXISTS `discount_inventory`;
/*!40101 SET @saved_cs_client     = @@character_set_client */;
/*!50503 SET character_set_client = utf8mb4 */;
CREATE TABLE `discount_inventory` (
  `DiscountID` int(11) NOT NULL,
  `InventoryID` int(11) NOT NULL,
  PRIMARY KEY (`DiscountID`,`InventoryID`),
  KEY `Discount_Inventory_fk_Inventory_Description` (`InventoryID`),
  CONSTRAINT `Discount_Inventory_fk_Discount` FOREIGN KEY (`DiscountID`) REFERENCES `discount` (`DiscountID`) ON DELETE CASCADE,
  CONSTRAINT `Discount_Inventory_fk_Inventory_Description` FOREIGN KEY (`InventoryID`) REFERENCES `inventory_description` (`inventoryID`) ON DELETE CASCADE
) ENGINE=InnoDB DEFAULT CHARSET=utf8mb4 COLLATE=utf8mb4_0900_ai_ci;
/*!40101 SET character_set_client = @saved_cs_client */;

--
-- Dumping data for table `discount_inventory`
--

LOCK TABLES `discount_inventory` WRITE;
/*!40000 ALTER TABLE `discount_inventory` DISABLE KEYS */;
INSERT INTO `discount_inventory` VALUES (1,1030),(2,1030),(1,1031),(2,1031),(1,1032),(2,1032),(1,1034),(2,1034),(1,1035),(2,1035),(1,1036),(2,1036),(1,1044),(2,1044),(1,1050),(2,1050),(1,1053),(2,1053),(1,1056),(2,1056),(1,1059),(2,1059),(1,1060),(2,1060),(1,1061),(2,1061),(1,1066),(2,1066),(1,1067),(2,1067),(1,1069),(2,1069),(1,1092),(2,1092),(1,1093),(2,1093),(1,1094),(2,1094),(1,1095),(2,1095),(1,1096),(2,1096),(1,1108),(2,1108),(1,1109),(2,1109),(1,1110),(2,1110),(1,1129),(2,1129),(1,1130),(2,1130),(1,1131),(2,1131),(1,1132),(2,1132),(1,1133),(2,1133),(1,1155),(2,1155),(1,1159),(2,1159),(1,1179),(2,1179),(1,1180),(2,1180),(1,1190),(2,1190),(1,1191),(2,1191),(1,1195),(2,1195),(1,1260),(2,1260),(1,1261),(2,1261),(1,1273),(2,1273),(1,1278),(2,1278),(1,1279),(2,1279),(1,1296),(2,1296),(1,1360),(2,1360),(1,1361),(2,1361),(1,1439),(2,1439),(1,1440),(2,1440),(1,1441),(2,1441),(1,1442),(2,1442),(1,1444),(2,1444),(1,1445),(2,1445),(1,1446),(2,1446),(1,1447),(2,1447),(1,1448),(2,1448),(1,1449),(2,1449),(1,1450),(2,1450),(1,1451),(2,1451),(1,1452),(2,1452),(1,1453),(2,1453),(1,1454),(2,1454),(1,1455),(2,1455),(1,1456),(2,1456),(1,1457),(2,1457),(1,1458),(2,1458),(1,1459),(2,1459),(1,1460),(2,1460),(1,1461),(2,1461),(1,1462),(2,1462),(1,1463),(2,1463),(1,1464),(2,1464),(1,1465),(2,1465),(1,1466),(2,1466),(1,1467),(2,1467),(1,1468),(2,1468),(1,1469),(2,1469),(1,1470),(2,1470),(1,1471),(2,1471),(1,1472),(2,1472),(1,1473),(2,1473),(1,1479),(2,1479),(1,1480),(2,1480),(1,1481),(2,1481),(1,1482),(2,1482),(1,1483),(2,1483),(1,1484),(2,1484),(1,1485),(2,1485),(1,1486),(2,1486),(1,1487),(2,1487),(1,1488),(2,1488),(1,1489),(2,1489),(1,1490),(2,1490),(1,1491),(2,1491),(1,1492),(2,1492),(1,1493),(2,1493),(1,1494),(2,1494),(1,1495),(2,1495),(1,1496),(2,1496),(1,1497),(2,1497),(1,1498),(2,1498),(1,1499),(2,1499),(1,1500),(2,1500),(1,1501),(2,1501),(1,1502),(2,1502),(1,1503),(2,1503),(1,1504),(2,1504),(1,1505),(2,1505),(1,1506),(2,1506),(1,1508),(2,1508),(1,1509),(2,1509),(1,1510),(2,1510),(1,1511),(2,1511),(1,1512),(2,1512),(1,1513),(2,1513),(1,1514),(2,1514),(1,1515),(2,1515),(1,1516),(2,1516),(1,1517),(2,1517),(1,1518),(2,1518),(1,1519),(2,1519),(1,1520),(2,1520),(1,1521),(2,1521),(1,1522),(2,1522),(1,1523),(2,1523),(1,1524),(2,1524),(1,1525),(2,1525),(1,1526),(2,1526),(1,1527),(2,1527),(1,1528),(2,1528),(1,1529),(2,1529),(1,1530),(2,1530),(1,1531),(2,1531),(1,1532),(2,1532),(1,1533),(2,1533),(1,1536),(2,1536),(1,1537),(2,1537),(1,1538),(2,1538),(1,1539),(2,1539),(1,1540),(2,1540),(1,1541),(2,1541),(1,1542),(2,1542),(1,1543),(2,1543),(1,1545),(2,1545),(1,1546),(2,1546),(1,1547),(2,1547),(1,1548),(2,1548),(1,1549),(2,1549),(1,1550),(2,1550),(1,1551),(2,1551),(1,1552),(2,1552),(1,1553),(2,1553),(1,1554),(2,1554),(1,1555),(2,1555),(1,1556),(2,1556),(1,1557),(2,1557),(1,1558),(2,1558),(1,1559),(2,1559),(1,1560),(2,1560),(1,1561),(2,1561),(1,1562),(2,1562),(1,1563),(2,1563),(1,1564),(2,1564),(1,1565),(2,1565),(1,1567),(2,1567),(1,1568),(2,1568),(1,1569),(2,1569),(1,1570),(2,1570),(1,1571),(2,1571),(1,1572),(2,1572),(1,1573),(2,1573),(1,1574),(2,1574),(1,1575),(2,1575),(1,1576),(2,1576),(1,1577),(2,1577),(1,1578),(2,1578),(1,1580),(2,1580),(1,1581),(2,1581),(1,1582),(2,1582),(1,1583),(2,1583),(1,1584),(2,1584),(1,1585),(2,1585),(1,1586),(2,1586),(1,1587),(2,1587),(1,1588),(2,1588),(1,1589),(2,1589),(1,1590),(2,1590),(1,1591),(2,1591),(1,1592),(2,1592),(1,1593),(2,1593),(1,1594),(2,1594),(1,1595),(2,1595),(1,1596),(2,1596),(1,1597),(2,1597),(1,1598),(2,1598),(1,1601),(2,1601),(1,1602),(2,1602),(1,1603),(2,1603),(1,1607),(2,1607),(1,1608),(2,1608),(1,1610),(2,1610),(1,1611),(2,1611),(1,1612),(2,1612),(1,1613),(2,1613),(1,1614),(2,1614),(1,1615),(2,1615),(1,1616),(2,1616),(1,1617),(2,1617),(1,1618),(2,1618),(1,1620),(2,1620),(1,1621),(2,1621),(1,1622),(2,1622),(1,1623),(2,1623),(1,1624),(2,1624),(1,1625),(2,1625),(1,1626),(2,1626),(1,1627),(2,1627),(1,1628),(2,1628),(1,1629),(2,1629),(1,1630),(2,1630),(1,1631),(2,1631),(1,1632),(2,1632),(1,1634),(2,1634),(1,1635),(2,1635),(1,1636),(2,1636),(1,1637),(2,1637),(1,1639),(2,1639),(1,1640),(2,1640),(1,1641),(2,1641),(1,1642),(2,1642),(1,1643),(2,1643),(1,1645),(2,1645),(1,1649),(2,1649),(1,1650),(2,1650),(1,1651),(2,1651),(1,1652),(2,1652),(1,1653),(2,1653),(1,1654),(2,1654),(1,1655),(2,1655),(1,1656),(2,1656),(1,1658),(2,1658),(1,1659),(2,1659),(1,1660),(2,1660),(1,1661),(2,1661),(1,1662),(2,1662),(1,1663),(2,1663),(1,1664),(2,1664),(1,1665),(2,1665),(1,1666),(2,1666),(1,1667),(2,1667),(1,1668),(2,1668),(1,1669),(2,1669),(1,1670),(2,1670),(1,1671),(2,1671),(1,1672),(2,1672),(1,1673),(2,1673),(1,1674),(2,1674),(1,1675),(2,1675),(1,1676),(2,1676),(1,1677),(2,1677),(1,1678),(2,1678),(1,1679),(2,1679),(1,1680),(2,1680),(1,1681),(2,1681),(1,1682),(2,1682),(1,1683),(2,1683),(1,1684),(2,1684),(1,1686),(2,1686),(1,1687),(2,1687),(1,1688),(2,1688),(1,1689),(2,1689),(1,1690),(2,1690),(1,1691),(2,1691),(1,1692),(2,1692),(1,1693),(2,1693),(1,1694),(2,1694),(1,1695),(2,1695),(1,1696),(2,1696),(1,1697),(2,1697),(1,1698),(2,1698),(1,1699),(2,1699),(1,1700),(2,1700),(1,1701),(2,1701),(1,1702),(2,1702),(1,1703),(2,1703),(1,1704),(2,1704),(1,1705),(2,1705),(1,1706),(2,1706),(1,1707),(2,1707),(1,1710),(2,1710),(1,1711),(2,1711),(1,1712),(2,1712),(1,1713),(2,1713),(1,1714),(2,1714),(1,1715),(2,1715),(1,1717),(2,1717),(1,1718),(2,1718),(1,1719),(2,1719),(1,1720),(2,1720),(1,1721),(2,1721),(1,1722),(2,1722),(1,1723),(2,1723),(1,1724),(2,1724),(1,1725),(2,1725),(1,1726),(2,1726),(1,1727),(2,1727),(1,1728),(2,1728),(1,1729),(2,1729),(1,1730),(2,1730),(1,1731),(2,1731),(1,1732),(2,1732),(1,1733),(2,1733),(1,1734),(2,1734),(1,1735),(2,1735),(1,1736),(2,1736),(1,1737),(2,1737),(1,1738),(2,1738),(1,1739),(2,1739),(1,1740),(2,1740),(1,1741),(2,1741),(1,1742),(2,1742),(1,1743),(2,1743),(1,1744),(2,1744),(1,1745),(2,1745),(1,1746),(2,1746),(1,1747),(2,1747),(1,1748),(2,1748),(1,1749),(2,1749),(1,1750),(2,1750),(1,1751),(2,1751),(1,1752),(2,1752),(1,1753),(2,1753),(1,1754),(2,1754),(1,1755),(2,1755),(1,1756),(2,1756),(1,1757),(2,1757),(1,1758),(2,1758),(1,1759),(2,1759),(1,1760),(2,1760),(1,1761),(2,1761),(1,1762),(2,1762),(1,1763),(2,1763),(1,1764),(2,1764),(1,1765),(2,1765),(1,1767),(2,1767),(1,1768),(2,1768),(1,1769),(2,1769),(1,1770),(2,1770),(1,1771),(2,1771),(1,1772),(2,1772),(1,1773),(2,1773),(1,1774),(2,1774),(1,1775),(2,1775),(1,1776),(2,1776),(1,1777),(2,1777),(1,1778),(2,1778),(1,1785),(2,1785),(1,1786),(2,1786),(1,1787),(2,1787),(1,1788),(2,1788),(1,1789),(2,1789),(1,1790),(2,1790),(1,1791),(2,1791),(1,1792),(2,1792),(1,1793),(2,1793),(1,1794),(2,1794),(1,1795),(2,1795),(1,1798),(2,1798),(1,1799),(2,1799),(1,1800),(2,1800),(1,1801),(2,1801),(1,1802),(2,1802),(1,1803),(2,1803),(1,1804),(2,1804),(1,1805),(2,1805),(1,1806),(2,1806),(1,1807),(2,1807),(1,1808),(2,1808),(1,1809),(2,1809),(1,1810),(2,1810),(1,1811),(2,1811),(1,1812),(2,1812),(1,1813),(2,1813),(1,1814),(2,1814),(1,1815),(2,1815),(1,1816),(2,1816),(1,1817),(2,1817),(1,1818),(2,1818),(1,1819),(2,1819),(1,1820),(2,1820),(1,1821),(2,1821),(1,1826),(2,1826),(1,1827),(2,1827),(1,1828),(2,1828),(1,1829),(2,1829),(1,1831),(2,1831),(1,1832),(2,1832),(1,1833),(2,1833),(1,1834),(2,1834),(1,1835),(2,1835),(1,1836),(2,1836),(1,1837),(2,1837),(1,1838),(2,1838),(1,1839),(2,1839),(1,1840),(2,1840),(1,1841),(2,1841),(1,1842),(2,1842),(1,1843),(2,1843),(1,1844),(2,1844),(1,1845),(2,1845),(1,1846),(2,1846),(1,1847),(2,1847),(1,1848),(2,1848),(1,1849),(2,1849),(1,1850),(2,1850),(1,1851),(2,1851),(1,1852),(2,1852),(1,1853),(2,1853),(1,1854),(2,1854),(1,1855),(2,1855),(1,1856),(2,1856),(1,1857),(2,1857),(1,1858),(2,1858),(1,1859),(2,1859),(1,1860),(2,1860),(1,1861),(2,1861),(1,1862),(2,1862),(1,1863),(2,1863),(1,1864),(2,1864),(1,1865),(2,1865),(1,1866),(2,1866),(1,1867),(2,1867),(1,1868),(2,1868),(1,1869),(2,1869),(1,1870),(2,1870),(1,1871),(2,1871),(1,1872),(2,1872),(1,1873),(2,1873),(1,1874),(2,1874),(1,1878),(2,1878),(1,1879),(2,1879),(1,1880),(2,1880),(1,1881),(2,1881),(1,1882),(2,1882),(1,1883),(2,1883),(1,1884),(2,1884),(1,1886),(2,1886),(1,1888),(2,1888),(1,1892),(2,1892),(1,1893),(2,1893),(1,1895),(2,1895),(1,1896),(2,1896),(1,1900),(2,1900),(1,1901),(2,1901),(1,1902),(2,1902),(1,1903),(2,1903),(1,1904),(2,1904),(1,1905),(2,1905),(1,1906),(2,1906),(1,1907),(2,1907),(1,1910),(2,1910),(1,1918),(2,1918),(1,1921),(2,1921),(1,1922),(2,1922),(1,1923),(2,1923),(1,1924),(2,1924),(1,1925),(2,1925),(1,1926),(2,1926),(1,1927),(2,1927),(1,1928),(2,1928),(1,1929),(2,1929),(1,1930),(2,1930),(1,1939),(2,1939),(1,1987),(2,1987),(1,1990),(2,1990),(1,1992),(2,1992),(1,1995),(2,1995),(1,1996),(2,1996),(1,1997),(2,1997),(1,1998),(2,1998),(1,1999),(2,1999),(1,2000),(2,2000),(1,2004),(2,2004),(1,2005),(2,2005),(1,2006),(2,2006),(1,2008),(2,2008),(1,2009),(2,2009),(1,2010),(2,2010),(1,2012),(2,2012),(1,2015),(2,2015),(1,2025),(2,2025),(1,2026),(2,2026),(1,2027),(2,2027),(1,2028),(2,2028),(1,2029),(2,2029),(1,2037),(2,2037),(1,2038),(2,2038),(1,2099),(2,2099),(1,2100),(2,2100),(1,2101),(2,2101),(1,2102),(2,2102),(1,2103),(2,2103),(1,2104),(2,2104),(1,2105),(2,2105),(1,2106),(2,2106),(1,2107),(2,2107),(1,2108),(2,2108),(1,2109),(2,2109),(1,2110),(2,2110),(1,2111),(2,2111),(1,2114),(2,2114),(1,2115),(2,2115),(1,2118),(2,2118),(1,2119),(2,2119),(1,2122),(2,2122),(1,2123),(2,2123),(1,2124),(2,2124),(1,2126),(2,2126),(1,2128),(2,2128),(1,2129),(2,2129),(1,2130),(2,2130),(1,2131),(2,2131),(1,2132),(2,2132),(1,2133),(2,2133),(1,2135),(2,2135),(1,2136),(2,2136),(1,2137),(2,2137),(1,2138),(2,2138),(1,2139),(2,2139),(1,2140),(2,2140),(1,2141),(2,2141),(1,2143),(2,2143),(1,2145),(2,2145),(1,2146),(2,2146),(1,2147),(2,2147),(1,2150),(2,2150),(1,2151),(2,2151),(1,2152),(2,2152),(1,2153),(2,2153),(1,2154),(2,2154),(1,2155),(2,2155),(1,2162),(2,2162),(1,2163),(2,2163),(1,2164),(2,2164),(1,2165),(2,2165),(1,2166),(2,2166),(1,2170),(2,2170),(1,2171),(2,2171),(1,2172),(2,2172),(1,2173),(2,2173),(1,2174),(2,2174),(1,2175),(2,2175),(1,2176),(2,2176),(1,2177),(2,2177),(1,2178),(2,2178),(1,2179),(2,2179),(1,2180),(2,2180),(1,2181),(2,2181),(1,2182),(2,2182),(1,2183),(2,2183),(1,2184),(2,2184),(1,2185),(2,2185),(1,2186),(2,2186),(1,2191),(2,2191),(1,2195),(2,2195),(1,2201),(2,2201),(1,2202),(2,2202),(1,2203),(2,2203),(1,2204),(2,2204),(1,2205),(2,2205),(1,2206),(2,2206),(1,2208),(2,2208),(1,2218),(2,2218),(1,2219),(2,2219),(1,2221),(2,2221),(1,2222),(2,2222),(1,2226),(2,2226),(1,2229),(2,2229),(1,2232),(2,2232),(1,2233),(2,2233),(1,2235),(2,2235),(1,2236),(2,2236),(1,2238),(2,2238),(1,2239),(2,2239),(1,2240),(2,2240),(1,2241),(2,2241),(1,2242),(2,2242),(1,2246),(2,2246),(1,2253),(2,2253),(1,2254),(2,2254),(1,2255),(2,2255),(1,2257),(2,2257),(1,2259),(2,2259),(1,2260),(2,2260),(1,2261),(2,2261),(1,2262),(2,2262),(1,2263),(2,2263),(1,2264),(2,2264),(1,2265),(2,2265),(1,2266),(2,2266),(1,2267),(2,2267),(1,2269),(2,2269),(1,2270),(2,2270),(1,2271),(2,2271),(1,2287),(2,2287),(1,2288),(2,2288),(1,2292),(2,2292),(1,2297),(2,2297),(1,2301),(2,2301),(1,2302),(2,2302),(1,2303),(2,2303),(1,2305),(2,2305),(1,2306),(2,2306),(1,2307),(2,2307),(1,2309),(2,2309),(1,2310),(2,2310),(1,2314),(2,2314),(1,2319),(2,2319),(1,2320),(2,2320),(1,2322),(2,2322),(1,2323),(2,2323),(1,2324),(2,2324),(1,2325),(2,2325),(1,2326),(2,2326),(1,2327),(2,2327),(1,2328),(2,2328),(1,2329),(2,2329),(1,2330),(2,2330),(1,2331),(2,2331),(1,2332),(2,2332),(1,2334),(2,2334),(1,2335),(2,2335),(1,2337),(2,2337),(1,2338),(2,2338),(1,2339),(2,2339),(1,2340),(2,2340),(1,2341),(2,2341),(1,2342),(2,2342),(1,2343),(2,2343),(1,2344),(2,2344),(1,2345),(2,2345),(1,2346),(2,2346),(1,2353),(2,2353),(1,2354),(2,2354),(1,2356),(2,2356),(1,2358),(2,2358),(1,2359),(2,2359),(1,2360),(2,2360),(1,2361),(2,2361),(1,2362),(2,2362),(1,2363),(2,2363),(1,2366),(2,2366),(1,2367),(2,2367),(1,2368),(2,2368),(1,2369),(2,2369),(1,2370),(2,2370),(1,2371),(2,2371),(1,2372),(2,2372),(1,2374),(2,2374),(1,2376),(2,2376),(1,2377),(2,2377),(1,2378),(2,2378),(1,2379),(2,2379),(1,2380),(2,2380),(1,2382),(2,2382),(1,2383),(2,2383),(1,2384),(2,2384),(1,2385),(2,2385),(1,2386),(2,2386),(1,2387),(2,2387),(1,2388),(2,2388),(1,2389),(2,2389),(1,2390),(2,2390),(1,2394),(2,2394),(1,2398),(2,2398),(1,2400),(2,2400),(1,2401),(2,2401),(1,2402),(2,2402),(1,2403),(2,2403),(1,2404),(2,2404),(1,2406),(2,2406),(1,2407),(2,2407),(1,2408),(2,2408),(1,2411),(2,2411),(1,2412),(2,2412),(1,2413),(2,2413),(1,2414),(2,2414),(1,2415),(2,2415),(1,2417),(2,2417),(1,2422),(2,2422),(1,2423),(2,2423),(1,2424),(2,2424),(1,2428),(2,2428),(1,2429),(2,2429),(1,2430),(2,2430),(1,2432),(2,2432),(1,2433),(2,2433),(1,2434),(2,2434),(1,2442),(2,2442),(1,2443),(2,2443),(1,2447),(2,2447),(1,2448),(2,2448),(1,2449),(2,2449),(1,2462),(2,2462),(1,2464),(2,2464),(1,2465),(2,2465),(1,2466),(2,2466),(1,2467),(2,2467),(1,2468),(2,2468),(1,2470),(2,2470),(1,2471),(2,2471),(1,2476),(2,2476),(1,2478),(2,2478),(1,2479),(2,2479),(1,2480),(2,2480),(1,2481),(2,2481),(1,2487),(2,2487),(1,2490),(2,2490),(1,2491),(2,2491),(1,2492),(2,2492),(1,2493),(2,2493),(1,2494),(2,2494),(1,2498),(2,2498),(1,2500),(2,2500),(1,2501),(2,2501),(1,2503),(2,2503),(1,2505),(2,2505),(1,2506),(2,2506),(1,2507),(2,2507),(1,2509),(2,2509),(1,2510),(2,2510),(1,2511),(2,2511),(1,2512),(2,2512),(1,2513),(2,2513),(1,2514),(2,2514),(1,2521),(2,2521),(1,2522),(2,2522),(1,2523),(2,2523),(1,2524),(2,2524),(1,2525),(2,2525),(1,2526),(2,2526),(1,2527),(2,2527),(1,2528),(2,2528),(1,2529),(2,2529),(1,2530),(2,2530),(1,2531),(2,2531),(1,2532),(2,2532),(1,2533),(2,2533),(1,2534),(2,2534),(1,2535),(2,2535),(1,2536),(2,2536),(1,2537),(2,2537),(1,2538),(2,2538),(1,2539),(2,2539),(1,2540),(2,2540),(1,2541),(2,2541),(1,2542),(2,2542),(1,2545),(2,2545),(1,2548),(2,2548),(1,2549),(2,2549),(1,2554),(2,2554),(1,2555),(2,2555),(1,2578),(2,2578),(1,2585),(2,2585),(1,2586),(2,2586),(1,2587),(2,2587),(1,2588),(2,2588),(1,2589),(2,2589),(1,2590),(2,2590),(1,2591),(2,2591),(1,2592),(2,2592),(1,2593),(2,2593),(1,2597),(2,2597),(1,2598),(2,2598),(1,2599),(2,2599),(1,2600),(2,2600),(1,2601),(2,2601),(1,2602),(2,2602),(1,2603),(2,2603),(1,2604),(2,2604),(1,2607),(2,2607),(1,2608),(2,2608),(1,2609),(2,2609),(1,2611),(2,2611),(1,2612),(2,2612),(1,2613),(2,2613),(1,2614),(2,2614),(1,2615),(2,2615),(1,2616),(2,2616),(1,2617),(2,2617),(1,2618),(2,2618),(1,2619),(2,2619),(1,2620),(2,2620),(1,2621),(2,2621),(1,2622),(2,2622),(1,2623),(2,2623),(1,2625),(2,2625),(1,2626),(2,2626),(1,2627),(2,2627),(1,2628),(2,2628),(1,2629),(2,2629),(1,2630),(2,2630),(1,2631),(2,2631),(1,2632),(2,2632),(1,2633),(2,2633),(1,2634),(2,2634),(1,2635),(2,2635),(1,2637),(2,2637),(1,2638),(2,2638),(1,2639),(2,2639),(1,2771),(2,2771),(1,2777),(2,2777),(1,2795),(2,2795);
/*!40000 ALTER TABLE `discount_inventory` ENABLE KEYS */;
UNLOCK TABLES;

--
-- Table structure for table `discount_type`
--

DROP TABLE IF EXISTS `discount_type`;
/*!40101 SET @saved_cs_client     = @@character_set_client */;
/*!50503 SET character_set_client = utf8mb4 */;
CREATE TABLE `discount_type` (
  `DiscountID` int(11) NOT NULL,
  `typeID` int(11) NOT NULL,
  PRIMARY KEY (`DiscountID`,`typeID`),
  KEY `Discount_Type_fk_Inventory_Type` (`typeID`),
  CONSTRAINT `Discount_Type_fk_Discount` FOREIGN KEY (`DiscountID`) REFERENCES `discount` (`DiscountID`) ON DELETE CASCADE,
  CONSTRAINT `Discount_Type_fk_Inventory_Type` FOREIGN KEY (`typeID`) REFERENCES `inventory_type` (`typeID`) ON DELETE CASCADE
) ENGINE=InnoDB DEFAULT CHARSET=utf8mb4 COLLATE=utf8mb4_0900_ai_ci;
/*!40101 SET character_set_client = @saved_cs_client */;

--
-- Dumping data for table `discount_type`
--

LOCK TABLES `discount_type` WRITE;
/*!40000 ALTER TABLE `discount_type` DISABLE KEYS */;
INSERT INTO `discount_type` VALUES (1,5),(2,5),(1,7),(2,7);
/*!40000 ALTER TABLE `discount_type` ENABLE KEYS */;
UNLOCK TABLES;

--
-- Table structure for table `employee`
--

DROP TABLE IF EXISTS `employee`;
/*!40101 SET @saved_cs_client     = @@character_set_client */;
/*!50503 SET character_set_client = utf8mb4 */;
CREATE TABLE `employee` (
  `emp_id` int(11) NOT NULL AUTO_INCREMENT,
  `pin_number` int(11) NOT NULL,
  `admin` tinyint(4) DEFAULT '0',
  `first_name` varchar(40) DEFAULT NULL,
  `last_name` varchar(40) NOT NULL,
  `email` varchar(100) DEFAULT NULL,
  `addr1` varchar(40) DEFAULT NULL,
  `addr2` varchar(40) DEFAULT NULL,
  `city` varchar(50) DEFAULT NULL,
  `state` varchar(2) DEFAULT NULL,
  `zip` varchar(10) DEFAULT NULL,
  `phone` varchar(15) DEFAULT NULL,
  PRIMARY KEY (`emp_id`),
  UNIQUE KEY `emp_id_UNIQUE` (`emp_id`)
) ENGINE=InnoDB AUTO_INCREMENT=2 DEFAULT CHARSET=utf8mb4 COLLATE=utf8mb4_0900_ai_ci;
/*!40101 SET character_set_client = @saved_cs_client */;

--
-- Dumping data for table `employee`
--

LOCK TABLES `employee` WRITE;
/*!40000 ALTER TABLE `employee` DISABLE KEYS */;
INSERT INTO `employee` VALUES (0,1997613874,0,'Employee','',NULL,NULL,NULL,NULL,NULL,NULL,NULL),(1,123,1,'Lauren','Chalupsky-Cannon',NULL,NULL,NULL,NULL,NULL,NULL,NULL);
/*!40000 ALTER TABLE `employee` ENABLE KEYS */;
UNLOCK TABLES;

--
-- Table structure for table `events`
--

DROP TABLE IF EXISTS `events`;
/*!40101 SET @saved_cs_client     = @@character_set_client */;
/*!50503 SET character_set_client = utf8mb4 */;
CREATE TABLE `events` (
  `inventoryID` int(11) NOT NULL,
  `EventDate` datetime DEFAULT NULL,
  `Duration` datetime DEFAULT NULL,
  `Preorder` double DEFAULT NULL,
  `AtDoor` double DEFAULT NULL,
  PRIMARY KEY (`inventoryID`)
) ENGINE=InnoDB DEFAULT CHARSET=utf8mb4 COLLATE=utf8mb4_0900_ai_ci;
/*!40101 SET character_set_client = @saved_cs_client */;

--
-- Dumping data for table `events`
--

LOCK TABLES `events` WRITE;
/*!40000 ALTER TABLE `events` DISABLE KEYS */;
/*!40000 ALTER TABLE `events` ENABLE KEYS */;
UNLOCK TABLES;

--
-- Table structure for table `inventory_description`
--

DROP TABLE IF EXISTS `inventory_description`;
/*!40101 SET @saved_cs_client     = @@character_set_client */;
/*!50503 SET character_set_client = utf8mb4 */;
CREATE TABLE `inventory_description` (
  `inventoryID` int(11) NOT NULL AUTO_INCREMENT,
  `name` varchar(50) NOT NULL,
  `supplierID` int(11) DEFAULT NULL,
  `barcode` varchar(50) DEFAULT NULL,
  `retail_price` double NOT NULL,
  `description` varchar(100) DEFAULT NULL,
  `typeID` int(11) NOT NULL,
  `bottle_deposit_qty` int(11) DEFAULT NULL,
  `nontaxable` tinyint(4) DEFAULT '0',
  `nontaxable_local` tinyint(4) DEFAULT '0',
  PRIMARY KEY (`inventoryID`),
  KEY `typeID` (`typeID`),
  CONSTRAINT `Inventory_Description_fk_Inventory_type` FOREIGN KEY (`typeID`) REFERENCES `inventory_type` (`typeID`)
) ENGINE=InnoDB AUTO_INCREMENT=2876 DEFAULT CHARSET=utf8mb4 COLLATE=utf8mb4_0900_ai_ci;
/*!40101 SET character_set_client = @saved_cs_client */;

--
-- Dumping data for table `inventory_description`
--

LOCK TABLES `inventory_description` WRITE;
/*!40000 ALTER TABLE `inventory_description` DISABLE KEYS */;
INSERT INTO `inventory_description` VALUES (1024,'Private Preserve',12,'000231904863',10.99,'Private Preserve',1,NULL,0,0),(1025,'Saranac Ginger Beer',12,'009450040253',6.99,'Saranac Ginger Beer',15,6,0,0),(1026,'Lindor Milk Chocolate',12,'009542015855',1.25,'Lindor Milk Chocolate',3,NULL,0,0),(1027,'Lindor 8.8oz Chocolate',12,'009542035501',9.99,'Lindor 8.8oz Chocolate',3,NULL,0,0),(1028,'Corn pasta',12,'00963398',2.99,'Corn pasta',4,NULL,1,0),(1029,'Glaze, Balsamic',12,'00978927',6.99,'Glaze, Balsamic',4,NULL,1,0),(1030,'Joseph Phelps Insignia 2012',21,'010465709608',190,'Joseph Phelps Insignia 2012',5,1,0,0),(1031,'Martini & Rossi 375ml Dry Vermouth',13,'011034420078',6,'Martini & Rossi 375ml Dry Vermouth',5,1,0,0),(1032,'Martini & Rossi Asti Sparkling Wine',12,'011034500053',11.99,'Martini & Rossi Asti Sparkling Wine',5,1,0,0),(1033,'Tobasco 2oz',12,'011210000018',2.99,'Tobasco 2oz',4,NULL,1,0),(1034,'Whitehall Lane Napa Valley Cabernet Sauvignon 2010',12,'011628375012',24.99,'Whitehall Lane Napa Valley Cabernet Sauvignon 2010',5,1,0,0),(1035,'Beaujolais Nouveau',12,'011699008741',7.99,'Beaujolais Nouveau',5,1,0,0),(1036,'Les Ursulines Bourgogne Chardonnay 2013',19,'011699012090',13.99,'Les Ursulines Bourgogne Chardonnay 2013',5,1,0,0),(1037,'Bubly Grapefruit 12oz',12,'012000171277',1,'Bubly Grapefruit 12oz',2,NULL,0,0),(1038,'Bubly Strawberry 12oz',12,'012000171321',1,'Bubly Strawberry 12oz',15,20,0,0),(1039,'Mississippi Mud',12,'012000171475',0,'Mississippi Mud',6,NULL,0,0),(1040,'Starbucks Frappuccino Vanilla',12,'01241000',2.75,'Starbucks Frappuccino Vanilla',4,NULL,1,0),(1041,'Trident Gum',12,'012546612296',1.49,'Trident Gum',3,NULL,0,0),(1042,'Trident Tropical Twist',12,'012546619592',1.49,'Trident Tropical Twist',3,NULL,0,0),(1043,'ID BerryMelon',12,'012546685016',1.89,'ID BerryMelon',3,NULL,0,0),(1044,'Flore de Moscato',12,'013022000392',12.99,'Flore de Moscato',5,1,0,0),(1045,'Pistachios',12,'014113911856',1,'Pistachios',4,NULL,1,0),(1046,'Cotton Candy',12,'014200003259',1.25,'Cotton Candy',2,NULL,0,0),(1047,'Sugar Babies',12,'014200535453',1,'Sugar Babies',2,NULL,0,0),(1048,'Creamy Delight Hard Candy',12,'014272466259',2.99,'Creamy Delight Hard Candy',4,NULL,1,0),(1049,'Fuzz Peach Kolch',12,'015024626211',1.99,'Fuzz Peach Kolch',6,1,0,0),(1050,'Freemark Abbey Napa Cabernet 2015',13,'015917026968',44.55,'Freemark Abbey Napa Cabernet 2015',5,1,0,0),(1051,'Fuzz Peach Kolch 6 Pack',12,'015925321680',8.99,'Fuzz Peach Kolch 6 Pack',6,6,0,0),(1052,'Back Road Stout 6 Pack',2,'015925346218',7.25,'Back Road Stout 6 Pack',6,6,0,0),(1053,'Chulk Hill Chardonnay',12,'016236001032',38.99,'Chulk Hill Chardonnay',5,1,0,0),(1054,'Rose\'s Sweetened Lime Juice',12,'016600000739',6.99,'Rose\'s Sweetened Lime Juice',4,NULL,1,0),(1055,'Rose Sweetend Lime Juice',12,'01660433',4.99,'Rose Sweetend Lime Juice',4,NULL,1,0),(1056,'DeLoach Merlot 2015',19,'016697000766',6,'DeLoach Merlot 2015',5,1,0,0),(1057,'Jack Link\'s, Original',12,'017082000033',1.99,'Jack Link\'s, Original',4,NULL,1,0),(1058,'Jack Link\'s Beef Stips',12,'017082885166',1.99,'Jack Link\'s Beef Stips',4,NULL,1,0),(1059,'Caymus Cabernet Sauvignon 2016',12,'017224712107',84.99,'Caymus Cabernet Sauvignon 2016',5,1,0,0),(1060,'Caymus special selection Cabernet Sauvignon 2014',12,'017224720102',179.99,'Caymus special selection Cabernet Sauvignon 2014',5,1,0,0),(1061,'Caymus Conundrum',12,'017224750123',17.99,'Caymus Conundrum',5,1,0,0),(1062,'Band-aids 20ct',12,'017276229998',1.89,'Band-aids 20ct',1,NULL,0,0),(1063,'Band-aids 20ct',12,'017276230963',1.89,'Band-aids 20ct',1,NULL,0,0),(1064,'Transformers Bandaids',21,'017276233544',1.5,'Transformers Bandaids',1,NULL,0,0),(1065,'Pets 2 Bandaids',21,'017276235425',1.5,'Pets 2 Bandaids',1,NULL,0,0),(1066,'Don Simon Sangria',19,'017619009096',5,'Don Simon Sangria',5,1,0,0),(1067,'Pata Negra Ribera Del Duero Crianza',19,'017619041010',10,'Pata Negra Ribera Del Duero Crianza',5,1,0,0),(1068,'Bud Light Can 12 oz',1,'01810622',0.99,'Bud Light Can 12 oz',6,NULL,0,0),(1069,'Gavilan Pinot Noir 2014',19,'018138104057',12,'Gavilan Pinot Noir 2014',5,1,0,0),(1070,'Busch Light 12oz Can',1,'01818828',0.92,'Busch Light 12oz Can',6,NULL,0,0),(1071,'Busch Lite 12 Pack',1,'018200008016',13.99,'Busch Lite 12 Pack',6,12,0,0),(1072,'Shock Top',12,'018200008672',1.99,'Shock Top',6,1,0,0),(1073,'Michelob Amber Bock',1,'018200009747',7.5,'Michelob Amber Bock',6,NULL,0,0),(1074,'Michelob Ultra 6-pack Bottles',1,'018200059896',7.73,'Michelob Ultra 6-pack Bottles',6,6,0,0),(1075,'Michelob Ultra 12 pack cans',1,'018200069918',11,'Michelob Ultra 12 pack cans',6,NULL,0,0),(1076,'Land Shark Lager 6 Pack',12,'018200129827',9.99,'Land Shark Lager 6 Pack',6,6,0,0),(1077,'Shock Top 6 Pack',1,'018200139864',7.5,'Shock Top 6 Pack',6,6,0,0),(1078,'Bud light Lime 6 pack',1,'018200149917',10.99,'Bud light Lime 6 pack',6,6,0,0),(1079,'Lime-a-Rita Classic Margarita 12 Pack',12,'018200199875',17.99,'Lime-a-Rita Classic Margarita 12 Pack',6,12,0,0),(1080,'Bud Light Orange Lager 6 Pack',12,'018200200793',9.99,'Bud Light Orange Lager 6 Pack',6,6,0,0),(1081,'Bud Light Lemon tea',1,'018200201400',10.99,'Bud Light Lemon tea',6,NULL,0,0),(1082,'Mang-o-rita Mango Margarita 12 Pack',12,'018200229893',17.99,'Mang-o-rita Mango Margarita 12 Pack',6,12,0,0),(1083,'Pomegranate-Rita 12 pack',12,'018200229923',17.99,'Pomegranate-Rita 12 pack',6,12,0,0),(1084,'Stella Cidre Stella Artois',1,'018200240010',7.53,'Stella Cidre Stella Artois',6,NULL,0,0),(1085,'Lime-A-Rita 25oz',12,'018200250149',4.99,'Lime-A-Rita 25oz',6,NULL,0,0),(1086,'Bud Light Orange Lager',12,'018200259029',1.99,'Bud Light Orange Lager',6,1,0,0),(1087,'Bud Light 12 Pack Cans',1,'018200530470',10.98,'Bud Light 12 Pack Cans',6,12,0,0),(1088,'Lemon-ade-Rita Margarita 12 pack',12,'018200970078',17.99,'Lemon-ade-Rita Margarita 12 pack',6,12,0,0),(1089,'Bud Light Chelada 6-pack',1,'01823024',8.5,'Bud Light Chelada 6-pack',6,NULL,0,0),(1090,'Michelob Ultra 12oz Can',1,'01833429',1.02,'Michelob Ultra 12oz Can',6,NULL,0,0),(1091,'Chelada 16oz 4 pack',12,'01886625',12.99,'Chelada 16oz 4 pack',6,NULL,0,0),(1092,'Fiori Moscato Veneto',8,'020106202962',7,'Fiori Moscato Veneto',5,1,0,0),(1093,'Don Ramon',8,'020106501171',7,'Don Ramon',5,1,0,0),(1094,'Clear Night Riesling',8,'020106502482',10,'Clear Night Riesling',5,1,0,0),(1095,'Bastide De Beauvert Cotes Du Rhone 2016',8,'020106502505',7.5,'Bastide De Beauvert Cotes Du Rhone 2016',5,1,0,0),(1096,'Domaine Del Sol Picpoul De Pinet',8,'020106502796',8.25,'Domaine Del Sol Picpoul De Pinet',5,1,0,0),(1097,'Gift Bag',12,'020173178993',2.99,'Gift Bag',1,NULL,0,0),(1098,'Horseradish Amana',4,'021285002718',3.75,'Horseradish Amana',4,NULL,1,0),(1099,'Amana Summer Sausage, Old World',12,'021285004507',10.99,'Amana Summer Sausage, Old World',4,NULL,1,0),(1100,'Amana Roasted Field Corn',12,'021285006099',3.5,'Amana Roasted Field Corn',4,NULL,1,0),(1101,'Amana Dill Mustard',12,'021285006617',4.99,'Amana Dill Mustard',4,NULL,1,0),(1102,'Amana Caramel Corn Nuts',12,'021285007041',4.99,'Amana Caramel Corn Nuts',4,NULL,1,0),(1103,'Amana Summer Sausage, Traditional',12,'021285300135',6.99,'Amana Summer Sausage, Traditional',4,NULL,1,0),(1104,'Amana Summer Sausage, Double Smoke',4,'021285300142',6.99,'Amana Summer Sausage, Double Smoke',4,NULL,1,0),(1105,'Amana Beef Sticks',12,'021285300579',5.79,'Amana Beef Sticks',4,NULL,1,0),(1106,'Amana Pepper Relish',12,'021285553111',4.99,'Amana Pepper Relish',4,NULL,1,0),(1107,'Amana Pickled Asparagus',4,'021285560027',5.45,'Amana Pickled Asparagus',4,NULL,1,0),(1108,'Cracker Barrel Cheddar',12,'02190503',5.99,'Cracker Barrel Cheddar',5,1,0,0),(1109,'Venge Silencieux Red 2015',15,'021908112510',40,'Venge Silencieux Red 2015',5,1,0,0),(1110,'Silver Oak Cabernet Napa Valley',13,'021908112558',99.8,'Silver Oak Cabernet Napa Valley',5,1,0,0),(1111,'Eclipse, Winterfrost',12,'022000013200',1.59,'Eclipse, Winterfrost',3,NULL,0,0),(1112,'Eclipse, Polar Ice',12,'022000013279',1.59,'Eclipse, Polar Ice',3,NULL,0,0),(1113,'Eclips Spearmint',12,'022000013316',1.59,'Eclips Spearmint',3,NULL,0,0),(1114,'Flying Wish Paper',12,'022099577225',3.99,'Flying Wish Paper',1,NULL,0,0),(1115,'Wine Stopper, Rabbit 2 pack',12,'022578061191',3.99,'Wine Stopper, Rabbit 2 pack',1,NULL,0,0),(1116,'Palm Rabbit Aerator',12,'022578102320',23.99,'Palm Rabbit Aerator',1,NULL,0,0),(1117,'Houdini Dluxe Aerator',12,'022578107707',19.99,'Houdini Dluxe Aerator',1,NULL,0,0),(1118,'Book, Cocktail Party journal',12,'02261804',16,'Book, Cocktail Party journal',1,NULL,0,0),(1119,'Extra, Peppermint',12,'02289106',1.49,'Extra, Peppermint',3,NULL,0,0),(1120,'Extra, Polar Ice',12,'02289805',1.49,'Extra, Polar Ice',3,NULL,0,0),(1121,'Extra, Spearmint',12,'02289902',1.49,'Extra, Spearmint',3,NULL,0,0),(1122,'Twang a Rita Salt',12,'023604301007',4.5,'Twang a Rita Salt',4,NULL,1,0),(1123,'Twang Bloody Mary Salt',12,'023604305005',4.89,'Twang Bloody Mary Salt',4,NULL,1,0),(1124,'Name Your Drink Tags',12,'024055210825',1.99,'Name Your Drink Tags',1,NULL,0,0),(1125,'Lemonade',21,'025000044984',2.99,'Lemonade',4,NULL,1,0),(1126,'Hat, Total Dad Move',12,'026217261133',12.99,'Hat, Total Dad Move',1,NULL,0,0),(1127,'Hat, Best Dad Ever',12,'026217261201',12.99,'Hat, Best Dad Ever',1,NULL,0,0),(1128,'Hat, Drink Local',12,'026217261485',12.99,'Hat, Drink Local',1,NULL,0,0),(1129,'Silver Oak Cabernet Alexander Valley 2012',13,'026229775079',64.8,'Silver Oak Cabernet Alexander Valley 2012',5,1,0,0),(1130,'Ardeche Chardonnay',12,'026861100109',10.99,'Ardeche Chardonnay',5,50,0,0),(1131,'Latour Chameroy Beaujolais-Villages 2017',13,'026861100291',9,'Latour Chameroy Beaujolais-Villages 2017',5,1,0,0),(1132,'Pink Pirate blush',12,'027551180463',13.99,'Pink Pirate blush',5,1,0,0),(1133,'St. George Green Chile Vodka',12,'027724037501',36.99,'St. George Green Chile Vodka',7,1,0,0),(1134,'Laffy Taffy Bag',12,'028000031428',1,'Laffy Taffy Bag',2,NULL,0,0),(1135,'Stax BBQ Lay\'s',21,'028400055109',1.5,'Stax BBQ Lay\'s',2,NULL,0,0),(1136,'Lay\'s Cheddar Stax',12,'028400055116',1.25,'Lay\'s Cheddar Stax',2,NULL,0,0),(1137,'Tostitos Salsa, Med',12,'028400055987',5.99,'Tostitos Salsa, Med',4,NULL,1,0),(1138,'Lay\'s Chips, Beer Cheese',12,'028400244251',5.99,'Lay\'s Chips, Beer Cheese',4,NULL,1,0),(1139,'Label Lift',12,'028588001103',9.99,'Label Lift',1,NULL,0,0),(1140,'Frilly Party Picks',12,'028588004081',1.99,'Frilly Party Picks',1,NULL,0,0),(1141,'Plate Clips 4 cnt',12,'028588024010',4.99,'Plate Clips 4 cnt',1,NULL,0,0),(1142,'Garden Stake, Black',12,'028588033609',35.99,'Garden Stake, Black',1,NULL,0,0),(1143,'Insulated Jute Tote',12,'028588040119',12.99,'Insulated Jute Tote',1,NULL,0,0),(1144,'Insulated wine tote',12,'028588040300',8.99,'Insulated wine tote',1,NULL,0,0),(1145,'Bottle Tote, Wool Felt',12,'028588042267',7.99,'Bottle Tote, Wool Felt',1,NULL,0,0),(1146,'Wine Bag',12,'028588045817',2.49,'Wine Bag',1,NULL,0,0),(1147,'See No Vino',12,'028588310076',11.99,'See No Vino',1,NULL,0,0),(1148,'Oeno vi-no!',12,'028588310083',4.99,'Oeno vi-no!',1,NULL,0,0),(1149,'Cork Trivet Kit',12,'028588490082',16.99,'Cork Trivet Kit',1,NULL,0,0),(1150,'Bamboo Cheese Knife',12,'028588701720',4.99,'Bamboo Cheese Knife',1,NULL,0,0),(1151,'Toasteds Sesame',12,'030100119616',3.75,'Toasteds Sesame',4,NULL,1,0),(1152,'Toasteds Harvest Wheat',12,'030100119630',3.75,'Toasteds Harvest Wheat',4,NULL,1,0),(1153,'Toasteds Buttercrisp',12,'030100322924',3.75,'Toasteds Buttercrisp',4,NULL,1,0),(1154,'Ocean Spray Cran Mango 3 L',12,'031200023636',6.99,'Ocean Spray Cran Mango 3 L',4,NULL,1,0),(1155,'Calling Chardonnay',12,'031259045283',31.99,'Calling Chardonnay',5,1,0,0),(1156,'Collins Maraschino Cherries',12,'031439001627',3.87,'Collins Maraschino Cherries',2,NULL,0,0),(1157,'Win Bag, Dog',12,'031439010773',1.99,'Win Bag, Dog',1,NULL,0,0),(1158,'Tony Packo\'s Pickles & Peppers',12,'032063104012',7.99,'Tony Packo\'s Pickles & Peppers',4,NULL,1,0),(1159,'Segura Viudas',12,'033293655008',48.99,'Segura Viudas',5,1,0,0),(1160,'Corona Familiar Lager 6 pack',12,'033544950517',10.99,'Corona Familiar Lager 6 pack',6,6,0,0),(1161,'Corona Familiar',12,'033544950555',1.99,'Corona Familiar',6,1,0,0),(1162,'Smores Kit',12,'034000291199',13.99,'Smores Kit',4,NULL,1,0),(1163,'Rolo',12,'034000376124',1.99,'Rolo',3,NULL,0,0),(1164,'Redd\'s Apple Ale 6 Pack',12,'034100087166',10.99,'Redd\'s Apple Ale 6 Pack',6,6,0,0),(1165,'Miller Genuine Draft 12 Pack',12,'034100176365',13.99,'Miller Genuine Draft 12 Pack',6,12,0,0),(1166,'Leinenkugel\'s Summer Shandy 6 Pack',12,'034100516055',9.99,'Leinenkugel\'s Summer Shandy 6 Pack',6,6,0,0),(1167,'Leinenkugel\'s Summer Shandy',17,'034100516079',13.8,'Leinenkugel\'s Summer Shandy',6,NULL,0,0),(1168,'Miller Lite 12 pack',12,'034100576363',11,'Miller Lite 12 pack',6,NULL,0,0),(1169,'Miller Lite 16oz 12 Pack',12,'034100576530',13.99,'Miller Lite 16oz 12 Pack',6,12,0,0),(1170,'Hershey\'s Milk Chocolate',12,'03424005',1.49,'Hershey\'s Milk Chocolate',3,NULL,0,0),(1171,'Italiano Dip',12,'035342240241',6.99,'Italiano Dip',4,NULL,1,0),(1172,'McGinnis Shortbread Fingers',12,'035549970781',4.99,'McGinnis Shortbread Fingers',4,NULL,1,0),(1173,'Sanders Extra Dark Hot Fundge',12,'035900171062',6.99,'Sanders Extra Dark Hot Fundge',4,NULL,1,0),(1174,'Sanders Extra Dark Hot Fundge',12,'035900171307',6.99,'Sanders Extra Dark Hot Fundge',4,NULL,1,0),(1175,'Book, The Wine maker\'s Anwer Book',12,'037038176568',14.95,'Book, The Wine maker\'s Anwer Book',1,NULL,0,0),(1176,'Mushrooms, Marinated',12,'037102644887',11.99,'Mushrooms, Marinated',4,NULL,1,0),(1177,'Lindt 70% Cocoa',12,'037466017631',3.99,'Lindt 70% Cocoa',4,NULL,1,0),(1178,'Pringles BBQ',12,'038000188657',1.25,'Pringles BBQ',3,NULL,0,0),(1179,'Verdi Spumante',12,'038075202302',8.99,'Verdi Spumante',5,1,0,0),(1180,'Raspberry Sparklentini',12,'038075205303',8.99,'Raspberry Sparklentini',5,1,0,0),(1181,'Drink Charm, Bride',12,'038521104860',1.99,'Drink Charm, Bride',1,NULL,0,0),(1182,'Pineapple Juice 8.4 fl oz',12,'038900009632',0.5,'Pineapple Juice 8.4 fl oz',3,NULL,0,0),(1183,'Amarena Fabbri wild Cherries',12,'039815110031',7.99,'Amarena Fabbri wild Cherries',4,NULL,1,0),(1184,'Lime',12,'039938195748',0.5,'Lime',4,NULL,1,0),(1185,'Snickers',12,'040000424314',1.49,'Snickers',3,NULL,0,0),(1186,'M&M, Carmamel',12,'040000508830',1.49,'M&M, Carmamel',3,NULL,0,0),(1187,'Dove Milk Cocolate',12,'040000525028',2.99,'Dove Milk Cocolate',3,NULL,0,0),(1188,'Bottle of Candy',12,'040000541103',5.99,'Bottle of Candy',4,NULL,1,0),(1189,'M&M',12,'04003100',1.49,'M&M',3,NULL,0,0),(1190,'Four Roses Single Barrel',12,'040063400027',42.99,'Four Roses Single Barrel',7,NULL,0,0),(1191,'Four Roses Small Batch Bourbon',2,'040063400317',24,'Four Roses Small Batch Bourbon',7,NULL,0,0),(1192,'Skittles',12,'04016007',1.49,'Skittles',3,NULL,0,0),(1193,'Skittles, Tropical',12,'04016308',1.49,'Skittles, Tropical',3,NULL,0,0),(1194,'Drop it',12,'040232551529',12.99,'Drop it',1,NULL,0,0),(1195,'Calvados Morin Apple Brandy',2,'040232582707',19,'Calvados Morin Apple Brandy',7,NULL,0,0),(1196,'StarBurst',12,'04097002',1.49,'StarBurst',3,NULL,0,0),(1197,'Ringpop',12,'041116011320',0.25,'Ringpop',3,NULL,0,0),(1198,'Candy Lights',12,'041396000977',0.5,'Candy Lights',4,NULL,1,0),(1199,'Party Sweets, Buttermint Creams',12,'041412176600',2.75,'Party Sweets, Buttermint Creams',4,NULL,1,0),(1200,'Now and Later Bag Candy',12,'041420028113',1.5,'Now and Later Bag Candy',2,NULL,0,0),(1201,'Savoritz',12,'041498110895',3.99,'Savoritz',4,NULL,1,0),(1202,'Savoritz',12,'041498110918',3.99,'Savoritz',4,NULL,1,0),(1203,'Happy Farms Brie',3,'041498111328',2.99,'Happy Farms Brie',4,NULL,1,0),(1204,'Pepperoni Cheese',3,'041498114060',5,'Pepperoni Cheese',4,NULL,1,0),(1205,'Berry Hill Raspberry Spread',12,'041498115029',3.99,'Berry Hill Raspberry Spread',4,NULL,1,0),(1206,'Goat Cheese, Plain',3,'041498115654',2.75,'Goat Cheese, Plain',4,NULL,1,0),(1207,'Goat Cheese, Garlic & Herb',12,'041498115661',3.99,'Goat Cheese, Garlic & Herb',4,NULL,1,0),(1208,'Specially Selected, Black Bean & Corn Salsa',12,'041498115982',4.99,'Specially Selected, Black Bean & Corn Salsa',4,NULL,1,0),(1209,'Goat Cheese, Honey',12,'041498116033',3.99,'Goat Cheese, Honey',4,NULL,1,0),(1210,'Minced Garlic',12,'041498132439',4.99,'Minced Garlic',4,NULL,1,0),(1211,'SS Manchego Cheese 7oz',3,'041498134563',4.99,'SS Manchego Cheese 7oz',4,NULL,1,0),(1212,'Fusia Sesame Teriyaki',12,'041498136093',3.99,'Fusia Sesame Teriyaki',4,NULL,1,0),(1213,'Blue Cheese Stuffed Olives',23,'041498140793',4.99,'Blue Cheese Stuffed Olives',4,NULL,1,0),(1214,'Spec Selct Jalapeno Olives',3,'041498140861',3.75,'Spec Selct Jalapeno Olives',4,NULL,1,0),(1215,'Olives, Garlic Stuffed',12,'041498143336',7.99,'Olives, Garlic Stuffed',4,NULL,1,0),(1216,'Casa Mamita Salsa, Med',12,'041498145095',5.99,'Casa Mamita Salsa, Med',4,NULL,1,0),(1217,'Gouda Cheese, Specially Selected',12,'041498149130',6.99,'Gouda Cheese, Specially Selected',4,NULL,1,0),(1218,'Edam, Specially Selected',12,'041498149147',6.99,'Edam, Specially Selected',4,NULL,1,0),(1219,'Smoked Gouda, Specially Selected',3,'041498149154',4,'Smoked Gouda, Specially Selected',4,NULL,1,0),(1220,'Crofton 3 pc Corkscrew',12,'041498150822',15.99,'Crofton 3 pc Corkscrew',1,NULL,0,0),(1221,'Clancy\'s Chips, Hint of Lime',12,'041498165680',3.99,'Clancy\'s Chips, Hint of Lime',4,NULL,1,0),(1222,'HF Havarti with Dill Cheese',3,'041498177065',3.75,'HF Havarti with Dill Cheese',4,NULL,1,0),(1223,'Casa Mamita Con Queso',12,'041498193195',4.99,'Casa Mamita Con Queso',4,NULL,1,0),(1224,'Happy Farms Cream Cheese',12,'041498193539',2.79,'Happy Farms Cream Cheese',4,NULL,1,0),(1225,'Beverage Stake',12,'041498203283',3.99,'Beverage Stake',1,NULL,0,0),(1226,'Crinkle Cut Ribbon Noodles',12,'041498212131',4.99,'Crinkle Cut Ribbon Noodles',4,NULL,1,0),(1227,'Extra Sharp Chedder, Cracker Cuts',12,'041498212780',7.99,'Extra Sharp Chedder, Cracker Cuts',4,NULL,1,0),(1228,'Cheese Curds',21,'041498213190',5,'Cheese Curds',4,NULL,1,0),(1229,'Glaze, Balsamic Vinegar',3,'041498221454',3.5,'Glaze, Balsamic Vinegar',4,NULL,1,0),(1230,'Tikka Masala',12,'041498229429',4.99,'Tikka Masala',4,NULL,1,0),(1231,'Jalfrezi Simmer Sauce',12,'041498229443',4.99,'Jalfrezi Simmer Sauce',4,NULL,1,0),(1232,'Artisan Crackers Rosemary',12,'041498239855',5.25,'Artisan Crackers Rosemary',4,NULL,1,0),(1233,'Tikka Masala',12,'041498242152',5.99,'Tikka Masala',4,NULL,1,0),(1234,'Korma Curry Sauce',12,'041498242169',5.99,'Korma Curry Sauce',4,NULL,1,0),(1235,'Stonemill Bread Dipping',12,'041498248901',7.99,'Stonemill Bread Dipping',4,NULL,1,0),(1236,'Beverage Tub, Clear',12,'041498250553',14.99,'Beverage Tub, Clear',1,NULL,0,0),(1237,'Beverage Tub, Red',12,'041498250577',14.99,'Beverage Tub, Red',1,NULL,0,0),(1238,'Beverage Tub, Blue',12,'041498250584',14.99,'Beverage Tub, Blue',1,NULL,0,0),(1239,'Tomato Basil Feta',3,'041498251192',3.25,'Tomato Basil Feta',4,NULL,1,0),(1240,'Mango Chutney',12,'041498266363',4.99,'Mango Chutney',4,NULL,1,0),(1241,'Onion Chutney',12,'041498266394',4.99,'Onion Chutney',4,NULL,1,0),(1242,'Clancy\'s Pretzel',12,'041498266745',3.99,'Clancy\'s Pretzel',4,NULL,1,0),(1243,'Fusia Hoisin',12,'041498283834',3.99,'Fusia Hoisin',4,NULL,1,0),(1244,'Butter Popcorn Seasoning',12,'041498286217',5.99,'Butter Popcorn Seasoning',4,NULL,1,0),(1245,'Cracker Cuts Gouda',3,'041498287368',3.49,'Cracker Cuts Gouda',4,NULL,1,0),(1246,'Priano Marinated Mozzarella',12,'041498292362',4.99,'Priano Marinated Mozzarella',4,NULL,1,0),(1247,'Clancy\'s Cantina Tortilla Chips',3,'041498293130',1.99,'Clancy\'s Cantina Tortilla Chips',2,NULL,0,0),(1248,'Crofton Cocktail Shaker set',12,'041498294496',13.98,'Crofton Cocktail Shaker set',1,NULL,0,0),(1249,'SS Garden Vegetable Cheese',3,'041498295790',4,'SS Garden Vegetable Cheese',4,NULL,1,0),(1250,'Crofton Flatware Caddy',12,'041498328450',15.99,'Crofton Flatware Caddy',1,NULL,0,0),(1251,'Barissimo Bourbon Coffee',3,'041498333607',3.99,'Barissimo Bourbon Coffee',2,NULL,0,0),(1252,'Bread Knife & Cutting Board',12,'041498340506',14.99,'Bread Knife & Cutting Board',1,NULL,0,0),(1253,'Welch\'s Sparkling Blueberry',12,'041800704194',4.99,'Welch\'s Sparkling Blueberry',15,1,0,0),(1254,'Welch\'s Sparkling Cranberry',12,'041800704200',4.99,'Welch\'s Sparkling Cranberry',15,1,0,0),(1255,'Welch\'s Sparkling White Grape',12,'041800715008',4.99,'Welch\'s Sparkling White Grape',15,1,0,0),(1256,'Welch\'s Sparkling Red Grape',12,'041800716005',4.99,'Welch\'s Sparkling Red Grape',15,1,0,0),(1257,'Pirouline Stawberry',12,'042456000135',2.99,'Pirouline Stawberry',4,NULL,1,0),(1258,'Pirouline Dark Chocolate',21,'042456058037',1.25,'Pirouline Dark Chocolate',2,NULL,0,0),(1259,'Crystal Light Appletini',12,'043000041574',4.99,'Crystal Light Appletini',4,NULL,1,0),(1260,'ZD Chardonnay',12,'044956001018',38.99,'ZD Chardonnay',5,1,0,0),(1261,'Josh Cellars Cabernet Joseph Carr Hopland, CA',13,'048307177629',15,'Josh Cellars Cabernet Joseph Carr Hopland, CA',5,1,0,0),(1262,'Ybarra Olives',12,'048327971610',6,'Ybarra Olives',4,NULL,1,0),(1263,'Gift Bag',12,'048419871897',2.99,'Gift Bag',1,NULL,0,0),(1264,'Photo Stand',12,'048637235693',6.25,'Photo Stand',1,NULL,0,0),(1265,'Propane',5,'PROPANENEW',14.5,'Propane Exchange',8,NULL,0,0),(1266,'Coke Zero',12,'049000042566',0.5,'Coke Zero',2,NULL,0,0),(1267,'Coke 2 L',12,'049000050103',2.69,'Coke 2 L',15,1,0,0),(1268,'Diet Coke 2 L',12,'049000050110',2.69,'Diet Coke 2 L',15,1,0,0),(1269,'Sprite',12,'049000050158',1.89,'Sprite',2,NULL,0,0),(1270,'Coke mini 10 pack',12,'049000067217',5.99,'Coke mini 10 pack',15,10,0,0),(1271,'Spider-man Bottle Opener',12,'049022049062',10.99,'Spider-man Bottle Opener',1,NULL,0,0),(1272,'Sprite 12oz',12,'04913207',1,'Sprite 12oz',2,NULL,0,0),(1273,'La Crema Monterey',12,'049331010968',22.99,'La Crema Monterey',5,1,0,0),(1274,'Coca-cola 1 can',12,'04963406',1,'Coca-cola 1 can',2,NULL,0,0),(1275,'Flipezze Pillow',12,'049696405164',1.25,'Flipezze Pillow',1,NULL,0,0),(1276,'Book, Best of the Best vol. 5',12,'049725003743',18.99,'Book, Best of the Best vol. 5',1,NULL,0,0),(1277,'Book, Best of the Best vol. 7',12,'049725214002',18.99,'Book, Best of the Best vol. 7',1,NULL,0,0),(1278,'Amaretto Disaronno',18,'050037014501',21.79,'Amaretto Disaronno',7,NULL,0,0),(1279,'Disaronno wears Trussadi',12,'050037094480',32.99,'Disaronno wears Trussadi',7,1,0,0),(1280,'V8 original 12oz',12,'051000012920',1.25,'V8 original 12oz',4,NULL,1,0),(1281,'Gatorade',21,'052000102475',1.25,'Gatorade',2,NULL,0,0),(1282,'Gatorade',12,'052000324815',1.69,'Gatorade',4,NULL,1,0),(1283,'Gatorage Frost',12,'052000324884',1.69,'Gatorage Frost',4,NULL,1,0),(1284,'Gatorage, Fruit Punch',12,'052000328660',1.69,'Gatorage, Fruit Punch',4,NULL,1,0),(1285,'Schogetten',12,'053035036407',4.5,'Schogetten',4,NULL,1,0),(1286,'Breton Multigrain 8.8oz',16,'055653630104',2.5,'Breton Multigrain 8.8oz',4,NULL,1,0),(1287,'Dare Grains First WHole Grain Crackers',16,'055653669302',2.52,'Dare Grains First WHole Grain Crackers',4,NULL,1,0),(1288,'Carr\'s Tabke Water Crackers',12,'059290573220',1.25,'Carr\'s Tabke Water Crackers',2,NULL,0,0),(1289,'Razzles',12,'059642938301',1.07,'Razzles',2,NULL,0,0),(1290,'ppd Cheese Knives',12,'063362250032',7.99,'ppd Cheese Knives',1,NULL,0,0),(1291,'Card',24,'064319375600',3.89,'Card',1,NULL,0,0),(1292,'Jo!o Corkscrew',12,'067742209665',10.99,'Jo!o Corkscrew',1,NULL,0,0),(1293,'Wine Stopper, Silicone Grape',12,'067742413130',7.99,'Wine Stopper, Silicone Grape',1,NULL,0,0),(1294,'Fun on Glass',12,'067742493538',7.99,'Fun on Glass',1,NULL,0,0),(1295,'Joie Cheese Knife',12,'067742760012',5.99,'Joie Cheese Knife',1,NULL,0,0),(1296,'Courvoisiser VS',18,'0686961048',0,'Courvoisiser VS',7,NULL,0,0),(1297,'GooGone Wine Out',12,'070048018015',1.99,'GooGone Wine Out',1,NULL,0,0),(1298,'Wine Out',12,'070048029646',9.99,'Wine Out',1,NULL,0,0),(1299,'Finest Call Bar Syrup 1 L',12,'070491021754',5.99,'Finest Call Bar Syrup 1 L',4,NULL,1,0),(1300,'Finest Call Mango puree 1 L',12,'070491112209',5.99,'Finest Call Mango puree 1 L',4,NULL,1,0),(1301,'Finest Call Raspberry Puree 1 L',12,'070491113961',5.99,'Finest Call Raspberry Puree 1 L',4,NULL,1,0),(1302,'Finest Call Lime Juice 1 L',19,'070491114968',3.25,'Finest Call Lime Juice 1 L',2,NULL,0,0),(1303,'Description to show on screen and receipt',12,'070491522923',2.78,'Description to show on screen and receipt',2,NULL,0,0),(1304,'Finest Call Red Sangria 1 L',12,'070491553002',5.99,'Finest Call Red Sangria 1 L',4,NULL,1,0),(1305,'Finest Call White Sangria blend 1 L',12,'070491554009',5.99,'Finest Call White Sangria blend 1 L',4,NULL,1,0),(1306,'Finest Call Single Press Lime Juice 1 L',12,'070491569003',7.99,'Finest Call Single Press Lime Juice 1 L',4,NULL,1,0),(1307,'Finest Call Michelada 1 L',12,'070491571006',6.99,'Finest Call Michelada 1 L',4,NULL,1,0),(1308,'Finest Call Sweet & Sour 1 L',12,'070491801950',5.99,'Finest Call Sweet & Sour 1 L',4,NULL,1,0),(1309,'Finest Call Strawberry 1 L',12,'070491803954',5.99,'Finest Call Strawberry 1 L',4,NULL,1,0),(1310,'Finest Call Grenadine 1 L',12,'070491807952',5.99,'Finest Call Grenadine 1 L',15,1,0,0),(1311,'Bottle Bag, Martini Lounge',12,'070508562485',2.99,'Bottle Bag, Martini Lounge',1,NULL,0,0),(1312,'Cow Tales',12,'070622751017',1.07,'Cow Tales',2,NULL,0,0),(1313,'Mr. & Mrs. T Blood Mary Mix 1 L',19,'070655901304',3.83,'Mr. & Mrs. T Blood Mary Mix 1 L',3,NULL,0,0),(1314,'Mr & Mrs. T Bloody Mary Mix',12,'070655901786',0.5,'Mr & Mrs. T Bloody Mary Mix',4,NULL,1,0),(1315,'Old South Pickled Asparagus',16,'070759124111',4.99,'Old South Pickled Asparagus',4,NULL,1,0),(1316,'Green Beans, Pickled',12,'070759126122',8.99,'Green Beans, Pickled',4,NULL,1,0),(1317,'Brussels Sprouts, Pickled',12,'070759127129',6.99,'Brussels Sprouts, Pickled',4,NULL,1,0),(1318,'Old South Pickled Okra',16,'070759128119',2.96,'Old South Pickled Okra',4,NULL,1,0),(1319,'Monster Energy Drink 16oz',12,'070847811169',2.99,'Monster Energy Drink 16oz',2,NULL,0,0),(1320,'Greeting Card',12,'070847811237',1.605469,'Greeting Card',1,NULL,0,0),(1321,'Hot Tamales',21,'070970471230',1.25,'Hot Tamales',2,NULL,0,0),(1322,'Aceto Balsamico',12,'071072011294',4.99,'Aceto Balsamico',4,NULL,1,0),(1323,'Alouette Garlic & Herb Spread',3,'071448405016',2.99,'Alouette Garlic & Herb Spread',4,NULL,1,0),(1324,'Alouette Parmesan & Basil Spread',3,'071448405078',3.2,'Alouette Parmesan & Basil Spread',4,NULL,1,0),(1325,'Goft Bag',12,'071623194803',1.99,'Goft Bag',1,NULL,0,0),(1326,'Wine journal',12,'071623237999',4.99,'Wine journal',1,NULL,0,0),(1327,'Horeradish, Extra Hot',12,'071828001012',2.75,'Horeradish, Extra Hot',4,NULL,1,0),(1328,'Inglehoffer Extra Hot Horseradish',16,'071828009018',1.68,'Inglehoffer Extra Hot Horseradish',4,NULL,1,0),(1329,'Coors Light 12-Pack Cans',17,'071990000486',10.98,'Coors Light 12-Pack Cans',6,NULL,0,0),(1330,'Blue moon 6 Pack',17,'071990095116',7.25,'Blue moon 6 Pack',6,6,0,0),(1331,'Fine Truffles, Milk Chocolate',12,'072799054687',6.99,'Fine Truffles, Milk Chocolate',3,NULL,0,0),(1332,'Moser Roth Milk Caramel 5oz',12,'072799056728',4.99,'Moser Roth Milk Caramel 5oz',3,NULL,0,0),(1333,'Moser Roth Dark Sea Salt Caramel',3,'072799441098',2.99,'Moser Roth Dark Sea Salt Caramel',2,NULL,0,0),(1334,'Moser Roth Dark Chili',12,'072799762889',4.5,'Moser Roth Dark Chili',4,NULL,1,0),(1335,'Moser Roth Dark Mint/',3,'072799762896',2.99,'Moser Roth Dark Mint/',2,NULL,0,0),(1336,'chocolate bar',12,'072799830298',4.5,'chocolate bar',9,NULL,0,0),(1337,'Moser Roth Peru 62%',12,'072799830380',4.5,'Moser Roth Peru 62%',4,NULL,1,0),(1338,'Moser Roth Dominican Republic 75%',12,'072799830397',4.5,'Moser Roth Dominican Republic 75%',4,NULL,1,0),(1339,'Moser Roth Milk',12,'072799830540',2.99,'Moser Roth Milk',2,NULL,0,0),(1340,'Moser Roth Dark 70%',3,'072799830564',2.99,'Moser Roth Dark 70%',2,NULL,0,0),(1341,'Moser Roth Dark Almond',12,'072799830687',2.99,'Moser Roth Dark Almond',2,NULL,0,0),(1342,'Moser Roth Milk Toffe Crunch',3,'072799830694',2.99,'Moser Roth Milk Toffe Crunch',4,NULL,1,0),(1343,'Moser Roth Dark 85%',3,'072799830717',2.99,'Moser Roth Dark 85%',2,NULL,0,0),(1344,'Heineken',12,'072890000118',9.99,'Heineken',6,6,0,0),(1345,'Amstel Light',12,'072890100115',10.99,'Amstel Light',6,1,0,0),(1346,'Cock \'n Bull Ginger beer 4 pack',12,'072924012049',6.99,'Cock \'n Bull Ginger beer 4 pack',15,4,0,0),(1347,'Pepper Rings',12,'073214001620',3,'Pepper Rings',4,NULL,1,0),(1348,'Capers',12,'073214004034',4.99,'Capers',4,NULL,1,0),(1349,'Jalapeno Stuffed Olives',12,'073214006168',9.99,'Jalapeno Stuffed Olives',4,NULL,1,0),(1350,'Mississippi Mud Black & Tan 1 quart',12,'073360512049',5.99,'Mississippi Mud Black & Tan 1 quart',6,1,0,0),(1351,'Napkins',12,'073525129396',3.99,'Napkins',1,NULL,0,0),(1352,'Napkins',12,'073525547893',3.99,'Napkins',1,NULL,0,0),(1353,'Coasters, bubbly banter',12,'073525924335',2.99,'Coasters, bubbly banter',1,NULL,0,0),(1354,'Kitchen Towel',12,'073558657736',4.99,'Kitchen Towel',1,NULL,0,0),(1355,'Angostura Aromatic Bitters',12,'075496000407',6.98,'Angostura Aromatic Bitters',2,NULL,0,0),(1356,'Angostura Orange Bitters',12,'075496331143',6.98,'Angostura Orange Bitters',2,NULL,0,0),(1357,'Cheese Fusions Sour Cream & Onion 2oz',3,'075501961310',1.5,'Cheese Fusions Sour Cream & Onion 2oz',4,NULL,1,0),(1358,'Big Bold Buffalo Cheese Fusions',3,'075501961327',1.5,'Big Bold Buffalo Cheese Fusions',4,NULL,1,0),(1359,'Jose Cuervo Margarita Salt',12,'076381123454',4.99,'Jose Cuervo Margarita Salt',4,NULL,1,0),(1360,'Snoqualmie Cabernet Sauvignon',12,'077190000516',13.99,'Snoqualmie Cabernet Sauvignon',5,1,0,0),(1361,'Snoqualmie Riesing',12,'077190001407',13.99,'Snoqualmie Riesing',5,1,0,0),(1362,'Russell Stover Mint Patties',12,'077260097095',2.99,'Russell Stover Mint Patties',4,NULL,1,0),(1363,'Button, Brides Brew Crew',12,'077757011061',2.69,'Button, Brides Brew Crew',1,NULL,0,0),(1364,'Wine Glass Favor',12,'077757021541',4.99,'Wine Glass Favor',1,NULL,0,0),(1365,'Bottle Stopper',12,'077757201318',9.99,'Bottle Stopper',1,NULL,0,0),(1366,'Wine Stopper, VIP',12,'077757204364',9.99,'Wine Stopper, VIP',1,NULL,0,0),(1367,'Brooch, Margarita',12,'077757230004',6.5,'Brooch, Margarita',1,NULL,0,0),(1368,'Brooch, Martini',12,'077757230028',5.5,'Brooch, Martini',1,NULL,0,0),(1369,'Earrings',12,'077757230141',5,'Earrings',1,NULL,0,0),(1370,'Earrings, Margarita',12,'077757230165',6.99,'Earrings, Margarita',1,NULL,0,0),(1371,'Earrings',12,'077757230189',4.5,'Earrings',1,NULL,0,0),(1372,'Hair Clip, Martini',12,'077757230196',2.99,'Hair Clip, Martini',1,NULL,0,0),(1373,'Hair Clip, Gold Grape',12,'077757230202',2.99,'Hair Clip, Gold Grape',1,NULL,0,0),(1374,'Hair Clip, Red Bottle',12,'077757230219',2.99,'Hair Clip, Red Bottle',1,NULL,0,0),(1375,'Hair Clip, Vineyard',12,'077757230226',2.5,'Hair Clip, Vineyard',1,NULL,0,0),(1376,'Hair Clip, Martini',12,'077757230233',2.99,'Hair Clip, Martini',1,NULL,0,0),(1377,'Hair Clip, Green Bottle',12,'077757230257',2.99,'Hair Clip, Green Bottle',1,NULL,0,0),(1378,'Pin, Wine',12,'077757230325',2.99,'Pin, Wine',1,NULL,0,0),(1379,'Necklace, Green Grapes',12,'077757230394',6.5,'Necklace, Green Grapes',1,NULL,0,0),(1380,'Beer Epicoozie',12,'077757402074',5.99,'Beer Epicoozie',1,NULL,0,0),(1381,'Holdups, Wine Rack',12,'077757403064',4.99,'Holdups, Wine Rack',1,NULL,0,0),(1382,'Epic Wine Bottle Tags',12,'077757411250',5.99,'Epic Wine Bottle Tags',1,NULL,0,0),(1383,'Bottle Candle',12,'077757421204',5.99,'Bottle Candle',1,NULL,0,0),(1384,'Wine Glass Lampshades',12,'077757421792',11.99,'Wine Glass Lampshades',1,NULL,0,0),(1385,'Floating Candle',12,'077757422003',7.99,'Floating Candle',1,NULL,0,0),(1386,'Bottle Bag, Fabric',12,'077757430121',3.99,'Bottle Bag, Fabric',1,NULL,0,0),(1387,'Bottle Bag, Cloth Bag',12,'077757430169',3.99,'Bottle Bag, Cloth Bag',1,NULL,0,0),(1388,'Bottle Bag, Cloth',12,'077757430268',3.99,'Bottle Bag, Cloth',1,NULL,0,0),(1389,'Epic Wine Gift back Sheer Green',12,'077757430282',3.99,'Epic Wine Gift back Sheer Green',1,NULL,0,0),(1390,'Bottle Bag',12,'077757430572',2.75,'Bottle Bag',1,NULL,0,0),(1391,'Bottle Bag',12,'077757430671',2.5,'Bottle Bag',1,NULL,0,0),(1392,'Bottle carrier',12,'077757430701',3.99,'Bottle carrier',1,NULL,0,0),(1393,'Bottle Bag, Mini',12,'077757430787',0.99,'Bottle Bag, Mini',1,NULL,0,0),(1394,'Bottle Bag',12,'077757431036',3.49,'Bottle Bag',1,NULL,0,0),(1395,'Wine Bag',12,'077757433177',2.99,'Wine Bag',1,NULL,0,0),(1396,'Bottle Bag',12,'077757433214',2.99,'Bottle Bag',1,NULL,0,0),(1397,'Bottle Bag',12,'077757433221',2.99,'Bottle Bag',1,NULL,0,0),(1398,'Wine Bag',12,'077757433306',2,'Wine Bag',1,NULL,0,0),(1399,'Bottle and Ice Bag',12,'077757433788',5,'Bottle and Ice Bag',1,NULL,0,0),(1400,'Wine Bag, Love Wine',12,'077757433931',2.99,'Wine Bag, Love Wine',1,NULL,0,0),(1401,'Bottle Bag, Wine Shop',12,'077757433948',2.99,'Bottle Bag, Wine Shop',1,NULL,0,0),(1402,'Epic wine Bottle Gift tags',12,'077757436284',2.99,'Epic wine Bottle Gift tags',1,NULL,0,0),(1403,'Bottle Bag',12,'077757440762',3.99,'Bottle Bag',1,NULL,0,0),(1404,'Bottle Box, Silver',12,'077757440908',3.99,'Bottle Box, Silver',1,NULL,0,0),(1405,'Bottle Box, Gold',12,'077757440946',3.99,'Bottle Box, Gold',1,NULL,0,0),(1406,'Bottle Gift Box',12,'077757441257',2.69,'Bottle Gift Box',1,NULL,0,0),(1407,'Wine Bottle Gift Box',12,'077757441271',3.99,'Wine Bottle Gift Box',1,NULL,0,0),(1408,'Epic Keep it Hot Sake Set',12,'077757751233',21.99,'Epic Keep it Hot Sake Set',1,NULL,0,0),(1409,'Cheese Knives',12,'077757752001',12.99,'Cheese Knives',1,NULL,0,0),(1410,'Bottle Chees server & spreader',12,'077757752278',12.99,'Bottle Chees server & spreader',1,NULL,0,0),(1411,'Epic Stem Glass Slippers',12,'077757821004',5.99,'Epic Stem Glass Slippers',1,NULL,0,0),(1412,'My Glass Charms',12,'077757830501',5.99,'My Glass Charms',1,NULL,0,0),(1413,'Wine Accessories Glass Stick\'ems',12,'077757830945',3.99,'Wine Accessories Glass Stick\'ems',1,NULL,0,0),(1414,'Epic Champagne Stopper',12,'077757901003',7.99,'Epic Champagne Stopper',1,NULL,0,0),(1415,'Cork Cage, Water Can',12,'077757910715',31.99,'Cork Cage, Water Can',1,NULL,0,0),(1416,'Cork Cage, White Corset',12,'077757910845',25.99,'Cork Cage, White Corset',1,NULL,0,0),(1417,'Bota Bag',12,'077757912405',9.99,'Bota Bag',1,NULL,0,0),(1418,'Martini picks',12,'077757932212',12.99,'Martini picks',1,NULL,0,0),(1419,'7up 2 L',12,'078000000344',2.69,'7up 2 L',15,1,0,0),(1420,'Squirt 2 liter',12,'078000016468',1.29,'Squirt 2 liter',2,NULL,0,0),(1421,'Schweppes Club Soda',12,'078000203455',1.25,'Schweppes Club Soda',3,NULL,0,0),(1422,'Schweppes Tonic Water 1 L',12,'078000218459',2.5,'Schweppes Tonic Water 1 L',15,1,0,0),(1423,'Schweppes Diet Tonic',12,'078000219456',1.25,'Schweppes Diet Tonic',3,NULL,0,0),(1424,'7-up 12oz',12,'07803802',1,'7-up 12oz',2,NULL,0,0),(1425,'Ginger Ale',12,'07811403',3,'Ginger Ale',2,NULL,0,0),(1426,'Wine Journal',12,'078228346071',9.99,'Wine Journal',1,NULL,0,0),(1427,'Habanero Cheddar Cheese, Cabot',12,'078354719183',6.99,'Habanero Cheddar Cheese, Cabot',4,NULL,1,0),(1428,'Canfield\'s Diet Tonic Water 1 L',12,'078400000371',2.5,'Canfield\'s Diet Tonic Water 1 L',15,1,0,0),(1429,'Canfield\'s Club Soda',12,'078400000579',2.5,'Canfield\'s Club Soda',15,1,0,0),(1430,'Tonic Water',12,'078400000586',2.5,'Tonic Water',2,NULL,0,0),(1431,'Daily Chef Spacghetti',12,'078742003474',2.99,'Daily Chef Spacghetti',4,NULL,1,0),(1432,'Hummus, Classic',12,'078742058825',5.99,'Hummus, Classic',4,NULL,1,0),(1433,'Club Soda Low Sodium 1 L',12,'078742087146',2.5,'Club Soda Low Sodium 1 L',15,1,0,0),(1434,'Clear American Lemon Sparkling Water 1 L',12,'078742088945',2.5,'Clear American Lemon Sparkling Water 1 L',15,1,0,0),(1435,'Tonic Water 1 L',12,'078742089256',2.5,'Tonic Water 1 L',15,1,0,0),(1436,'Diet Tonic Water 1 L',12,'078742091532',2.5,'Diet Tonic Water 1 L',15,1,0,0),(1437,'Artichoke Hearts, Whole',12,'078742146515',11.99,'Artichoke Hearts, Whole',4,NULL,1,0),(1438,'Pixy Stix',12,'079200183172',1.07,'Pixy Stix',2,NULL,0,0),(1439,'Blanton\'s Bourbon',2,'080244002039',43.13,'Blanton\'s Bourbon',7,NULL,0,0),(1440,'Ancient Age Bourbon',2,'080244002138',10.25,'Ancient Age Bourbon',7,NULL,0,0),(1441,'Buffalo Trace Bourbon',2,'080244009236',19.99,'Buffalo Trace Bourbon',7,NULL,0,0),(1442,'Mozart Chocolate Cream',12,'080368937019',31.99,'Mozart Chocolate Cream',7,1,0,0),(1443,'Seagram\'s Jamaican Me Happy',17,'080432103463',4.25,'Seagram\'s Jamaican Me Happy',6,NULL,0,0),(1444,'Green Spot Irish Whiskey',12,'080432105993',74.46,'Green Spot Irish Whiskey',7,1,0,0),(1445,'Becherovka Herbal Liqueur',12,'080432106624',25.99,'Becherovka Herbal Liqueur',7,NULL,0,0),(1446,'Chivas Regal 12 Year Scotch',12,'080432400395',39.84,'Chivas Regal 12 Year Scotch',7,1,0,0),(1447,'Glenlivet 12 Year Scotch 1 L',12,'080432400708',59.8,'Glenlivet 12 Year Scotch 1 L',7,1,0,0),(1448,'Jameson Irish Whiskey 50ml',12,'080432500101',3.75,'Jameson Irish Whiskey 50ml',7,NULL,0,0),(1449,'Jameson Irish Whiskey 1 L',12,'080432500118',40.86,'Jameson Irish Whiskey 1 L',7,1,0,0),(1450,'Washington Hills Riesling',13,'080438192942',9,'Washington Hills Riesling',5,1,0,0),(1451,'Bacardi Oakheart Spiced Rum',12,'080480001520',16.75,'Bacardi Oakheart Spiced Rum',7,1,0,0),(1452,'Bacardi White Rum 50ml',12,'080480007201',1.99,'Bacardi White Rum 50ml',7,NULL,0,0),(1453,'Bacardi Blanca Rum 1.75 L',12,'080480015206',32.5,'Bacardi Blanca Rum 1.75 L',7,1,0,0),(1454,'Bacardi 1 L',12,'080480015305',20.95,'Bacardi 1 L',7,1,0,0),(1455,'Bacardi Supior 50ml',12,'080480016210',1.75,'Bacardi Supior 50ml',7,NULL,0,0),(1456,'Dewar\'s White Label Scotch 1.75 L',12,'080480230005',56.65,'Dewar\'s White Label Scotch 1.75 L',7,1,0,0),(1457,'Dewar\'s White Label Scotch 1 L',2,'080480230012',0,'Dewar\'s White Label Scotch 1 L',7,1,0,0),(1458,'Grey Goose Vodka 1 Liter',1,'080480280017',35,'Grey Goose Vodka 1 Liter',7,NULL,0,0),(1459,'Grey Goose Vodka 50ml',12,'080480280055',4.99,'Grey Goose Vodka 50ml',7,NULL,0,0),(1460,'Bombay Sapphire Gin 1 L',12,'080480301019',35.65,'Bombay Sapphire Gin 1 L',7,1,0,0),(1461,'Bacardi Limon 1 L',12,'080480355302',20.99,'Bacardi Limon 1 L',7,1,0,0),(1462,'B&B Benedictine',12,'080480545406',41.95,'B&B Benedictine',7,1,0,0),(1463,'St. Germain Spiritz',12,'080480983598',47.99,'St. Germain Spiritz',7,1,0,0),(1464,'Move do Moscato',12,'080516055640',10.99,'Move do Moscato',5,1,0,0),(1465,'Riunite Lambrusco',12,'080516135144',8.99,'Riunite Lambrusco',5,1,0,0),(1466,'Chaucer\'s Mead',12,'080600400028',15.75,'Chaucer\'s Mead',5,1,0,0),(1467,'99 Pepper',12,'080660000022',16.36,'99 Pepper',7,1,0,0),(1468,'99 Pinapples Liquer 50ml',12,'080660010700',2.99,'99 Pinapples Liquer 50ml',7,NULL,0,0),(1469,'90 Meukow Cognac',12,'080660130255',46.99,'90 Meukow Cognac',7,1,0,0),(1470,'Trn High Bourbon 1 L',12,'080660203034',11.99,'Trn High Bourbon 1 L',7,1,0,0),(1471,'Barton Gin 1 L',12,'080660411330',10.99,'Barton Gin 1 L',7,1,0,0),(1472,'Barton Vodka 1.75 L',12,'080660472614',15.53,'Barton Vodka 1.75 L',7,1,0,0),(1473,'Barton Vodka 1 L',12,'080660472638',9.99,'Barton Vodka 1 L',7,1,0,0),(1474,'Pacifico 6-pack',1,'080660953014',7.63,'Pacifico 6-pack',6,NULL,0,0),(1475,'Corona Extra Lager 6 Pack',12,'080660956053',10.99,'Corona Extra Lager 6 Pack',6,6,0,0),(1476,'Corona Light',1,'080660956251',7.75,'Corona Light',6,NULL,0,0),(1477,'St. Pauli Girl Lager 6 Pack',12,'080660959351',9.99,'St. Pauli Girl Lager 6 Pack',6,6,0,0),(1478,'Pacifico Single Beer',1,'08066640',1.25,'Pacifico Single Beer',6,NULL,0,0),(1479,'Jim Beam Bourbon 1.75 L',12,'080686001102',45.09,'Jim Beam Bourbon 1.75 L',7,1,0,0),(1480,'Jim Beam',18,'080686001119',38,'Jim Beam',7,NULL,0,0),(1481,'Jim Beam Bourbon 1 L',12,'080686001201',27.45,'Jim Beam Bourbon 1 L',7,1,0,0),(1482,'Mini Jim Beam 50ml',2,'080686001904',1.4,'Mini Jim Beam 50ml',7,NULL,0,0),(1483,'Jim Beam Kentuky Fire 50ml',12,'080686006367',1.49,'Jim Beam Kentuky Fire 50ml',7,NULL,0,0),(1484,'Jim Beam Vanilla 100 mL',12,'080686006886',2.99,'Jim Beam Vanilla 100 mL',7,1,0,0),(1485,'Knob Creek Whiskey 1 L',12,'080686016205',52.81,'Knob Creek Whiskey 1 L',7,1,0,0),(1486,'Knob Creek Rye Old Fashioned Kit',2,'080686016656',30,'Knob Creek Rye Old Fashioned Kit',7,NULL,0,0),(1487,'Jim Beam Peach Whiskey 50ml',12,'080686021179',1.75,'Jim Beam Peach Whiskey 50ml',7,NULL,0,0),(1488,'Jim Beam Black gift box',12,'080686034155',30.99,'Jim Beam Black gift box',7,1,0,0),(1489,'Pucker Cherry Vodka',12,'080686119074',1.99,'Pucker Cherry Vodka',7,NULL,0,0),(1490,'DeKuyper Blue Curacao',18,'080686316022',9,'DeKuyper Blue Curacao',7,NULL,0,0),(1491,'DeKuyper Schnapps 1 L',12,'080686319207',17.53,'DeKuyper Schnapps 1 L',7,1,0,0),(1492,'DeKuyper Creme de Banana Schnapps',12,'080686333029',15.99,'DeKuyper Creme de Banana Schnapps',7,1,0,0),(1493,'DeKuyper Hot Damn!',2,'080686373209',12,'DeKuyper Hot Damn!',7,NULL,0,0),(1494,'DeKuyper Triple Sec 1 L',12,'080686381204',10.99,'DeKuyper Triple Sec 1 L',7,1,0,0),(1495,'DeKuyper Vanilla Schnapps',12,'080686391401',15.99,'DeKuyper Vanilla Schnapps',7,1,0,0),(1496,'DeKuyper Grape Schnapps 1 L',12,'080686393207',17.53,'DeKuyper Grape Schnapps 1 L',7,1,0,0),(1497,'DeKuyper Sour Apple Schnapps 1 L',12,'080686395201',17.53,'DeKuyper Sour Apple Schnapps 1 L',7,1,0,0),(1498,'DeKuyper Watermelon Schnapps 1 L',12,'080686396208',17.53,'DeKuyper Watermelon Schnapps 1 L',7,1,0,0),(1499,'Cockburns Tawny Porto',12,'080686740131',47.99,'Cockburns Tawny Porto',5,1,0,0),(1500,'El Tesoro Anejo Tequila',18,'080686761402',52,'El Tesoro Anejo Tequila',7,NULL,0,0),(1501,'Laphroaig 10 year Scotch',12,'080686813019',49.99,'Laphroaig 10 year Scotch',7,1,0,0),(1502,'Canadian Club',12,'080686821021',21.4,'Canadian Club',7,1,0,0),(1503,'Sauza Silver Tequila',12,'080686832010',21.94,'Sauza Silver Tequila',7,1,0,0),(1504,'Hornitos Reposado Tequila',12,'080686835028',25.99,'Hornitos Reposado Tequila',7,1,0,0),(1505,'Hornitos Lime Shot',2,'080686835486',21.25,'Hornitos Lime Shot',7,NULL,0,0),(1506,'Sauza Silver',2,'080686839033',15.99,'Sauza Silver',7,NULL,0,0),(1507,'Sauza Margarita Mix',18,'080686841012',4,'Sauza Margarita Mix',2,NULL,0,0),(1508,'Pinnacle Vodka 1.75 L',12,'080686929451',27.45,'Pinnacle Vodka 1.75 L',7,1,0,0),(1509,'Pinnacle Peach Vodka 200 mL',2,'080686931348',3.75,'Pinnacle Peach Vodka 200 mL',7,1,0,0),(1510,'Courvoisier Cognac VS',18,'080686961048',36.27,'Courvoisier Cognac VS',7,1,0,0),(1511,'Courvoisier Cognac VSOP',12,'080686962045',44.99,'Courvoisier Cognac VSOP',7,1,0,0),(1512,'Courvoisier VSOP Cognac 50ml',12,'080686962076',4.99,'Courvoisier VSOP Cognac 50ml',7,NULL,0,0),(1513,'Cruzan Black Cherry Rum',12,'080686970132',15.35,'Cruzan Black Cherry Rum',7,1,0,0),(1514,'Richard grant Brut Pinot Noir',11,'081054003162',28,'Richard grant Brut Pinot Noir',5,1,0,0),(1515,'JJJ Almond',12,'081054024570',14.99,'JJJ Almond',5,1,0,0),(1516,'Napa Ridge Cabernet',12,'081054064958',18.99,'Napa Ridge Cabernet',5,1,0,0),(1517,'Woodford Reserve Bourbon',12,'081128001506',48.24,'Woodford Reserve Bourbon',7,1,0,0),(1518,'Kah Reposado Tequila',12,'081240750269',69.99,'Kah Reposado Tequila',7,1,0,0),(1519,'Pinot Evil Pinot Noir',19,'081308570075',6.5,'Pinot Evil Pinot Noir',5,1,0,0),(1520,'Veuve Clicquot Champagne Brut',12,'081753050207',69.99,'Veuve Clicquot Champagne Brut',5,1,0,0),(1521,'Nvmanthia',12,'081753814090',49.99,'Nvmanthia',5,1,0,0),(1522,'Moet et Chandon Champagne Dom Perignon',12,'081753822422',199.99,'Moet et Chandon Champagne Dom Perignon',5,1,0,0),(1523,'Glenmorange',12,'081753828936',49.99,'Glenmorange',7,1,0,0),(1524,'Ardbeg Islay Single Malt Ten Year',2,'081753831677',40.74,'Ardbeg Islay Single Malt Ten Year',7,NULL,0,0),(1525,'Crown Royal XO Whiskey',12,'082000003823',54.99,'Crown Royal XO Whiskey',7,1,0,0),(1526,'Bailey\'s Strawberries & Cream 50ml',12,'082000005582',3.5,'Bailey\'s Strawberries & Cream 50ml',7,NULL,0,0),(1527,'Smirnoff Vodka 1.75 L',12,'082000727606',31.98,'Smirnoff Vodka 1.75 L',7,1,0,0),(1528,'Smirnoff Strawberry',18,'082000729358',14.88,'Smirnoff Strawberry',7,NULL,0,0),(1529,'Smirnoff Blueberry Vodka',12,'082000732914',24.485,'Smirnoff Blueberry Vodka',7,1,0,0),(1530,'Bullet 95 Rye 1L',12,'082000752974',41.99,'Bullet 95 Rye 1L',7,1,0,0),(1531,'Crown Royal Regal Apple Whisky 1 L',12,'082000771586',40.68,'Crown Royal Regal Apple Whisky 1 L',7,1,0,0),(1532,'Baileys Almande Liqueur',12,'082000776284',27.25,'Baileys Almande Liqueur',7,1,0,0),(1533,'The Whisky Enthusiast',12,'082000781752',44.99,'The Whisky Enthusiast',7,NULL,0,0),(1534,'Smirnoff Ice Single',1,'082000782490',1.25,'Smirnoff Ice Single',6,NULL,0,0),(1535,'Smirnoff Red, White & Berry 6-pack',17,'082000782506',7,'Smirnoff Red, White & Berry 6-pack',6,NULL,0,0),(1536,'Crown Royal Peach 750ml',2,'082000782919',25.14,'Crown Royal Peach 750ml',7,NULL,0,0),(1537,'Crown Royal Noble Collection',12,'082000785262',62.99,'Crown Royal Noble Collection',7,1,0,0),(1538,'Smirnoff Love Wins Vodka',12,'082000788133',34.99,'Smirnoff Love Wins Vodka',7,1,0,0),(1539,'Smirnoff Moscow Mule',12,'082000788416',17.99,'Smirnoff Moscow Mule',7,1,0,0),(1540,'Captain Morgan Spiced Rum 1.75 L',12,'082000789277',38.8,'Captain Morgan Spiced Rum 1.75 L',7,1,0,0),(1541,'1.75 Captain morgan',18,'082000791126',40,'1.75 Captain margan',7,1,0,0),(1542,'Captain Morgan 1.75 Liter',18,'082000791133',27,'Captain Morgan 1.75 Liter',7,NULL,0,0),(1543,'Mini Jack Daniels 50ml',2,'082184000052',1.5,'Mini Jack Daniels 50ml',7,NULL,0,0),(1544,'Jack Daniel\'s Watermelon Punch',12,'082184000915',2.99,'Jack Daniel\'s Watermelon Punch',6,1,0,0),(1545,'Jack Daniel\'s Whiskey 1.75 L',12,'082184090428',65.43,'Jack Daniel\'s Whiskey 1.75 L',7,1,0,0),(1546,'Jack Daniel\'s Whiskey 1 L',12,'082184090442',40.68,'Jack Daniel\'s Whiskey 1 L',7,1,0,0),(1547,'Jack Daniel\'s Whiskey 375 mL',2,'082184090510',11.25,'Jack Daniel\'s Whiskey 375 mL',7,1,0,0),(1548,'Jeremiah Weed Sweet Tea Vodka 1L',18,'08220408',16.75,'Jeremiah Weed Sweet Tea Vodka 1L',7,NULL,0,0),(1549,'Bota Box Cabernet',13,'082242010450',15,'Bota Box Cabernet',5,1,0,0),(1550,'Bota Box Chardonnay',13,'082242011051',16,'Bota Box Chardonnay',5,1,0,0),(1551,'Bota Box Pino Noir',21,'082242012362',15,'Bota Box Pino Noir',5,1,0,0),(1552,'Bota Box Pinot Grigio',13,'082242013253',15,'Bota Box Pinot Grigio',5,1,0,0),(1553,'Seagram\'s Dark Honey Mini 50ml',2,'08225306',1.25,'Seagram\'s Dark Honey Mini 50ml',7,NULL,0,0),(1554,'Do Q Cristal Rum',12,'082301750020',14.99,'Do Q Cristal Rum',7,1,0,0),(1555,'Captain Morgan White Rum 50ml',12,'08237806',1.99,'Captain Morgan White Rum 50ml',7,NULL,0,0),(1556,'Seagram\'s Apple Mini 50ml',2,'08238407',1.25,'Seagram\'s Apple Mini 50ml',7,NULL,0,0),(1557,'Smirnoff Raspberry 50ml',12,'08240004',1.99,'Smirnoff Raspberry 50ml',7,NULL,0,0),(1558,'Smironoff 50ml',12,'08247201',1.75,'Smironoff 50ml',7,NULL,0,0),(1559,'Captain Morgan Cannon Blast 50ml',12,'08247803',1.99,'Captain Morgan Cannon Blast 50ml',7,NULL,0,0),(1560,'Mariner Dry Creek Maritage 2006 1.5 L',12,'082491070137',89.99,'Mariner Dry Creek Maritage 2006 1.5 L',5,1,0,0),(1561,'Bailys Almande 50ml',12,'08252009',3.25,'Bailys Almande 50ml',7,NULL,0,0),(1562,'OZV Old Vine Zinfandel Lodi California',13,'082544009046',9,'OZV Old Vine Zinfandel Lodi California',5,1,0,0),(1563,'Smirnoff Vodka 375ml',18,'08256102',7.63,'Smirnoff Vodka 375ml',7,NULL,0,0),(1564,'Captain Morgan Apple Smash 50ml',12,'08257208',1.99,'Captain Morgan Apple Smash 50ml',7,NULL,0,0),(1565,'Smirnoff Moscow Mule 50ml',12,'08258906',1.99,'Smirnoff Moscow Mule 50ml',7,NULL,0,0),(1566,'Glow Bars',12,'082676110610',1.69,'Glow Bars',1,NULL,0,0),(1567,'Extra Amontillado Sherry',12,'082734001317',16.99,'Extra Amontillado Sherry',5,1,0,0),(1568,'Villa Cerna Chianti Riserva',12,'082734192343',40,'Villa Cerna Chianti Riserva',5,1,0,0),(1569,'Frontera Chargonnay 187ml',12,'082734314097',2.79,'Frontera Chargonnay 187ml',5,1,0,0),(1570,'Frontera Chardonnay 4 pack',12,'082734314196',8.99,'Frontera Chardonnay 4 pack',5,4,0,0),(1571,'Trivento Malbec Reserve',12,'082734341246',13.99,'Trivento Malbec Reserve',5,1,0,0),(1572,'Trivento Golden Reserve Malbec',12,'082734344049',25.99,'Trivento Golden Reserve Malbec',5,1,0,0),(1573,'Bonterra Equinox Red',12,'082896003044',13.99,'Bonterra Equinox Red',5,1,0,0),(1574,'Bonterra Merlot',12,'082896077793',16.75,'Bonterra Merlot',5,1,0,0),(1575,'Fetzer Gewurztraminer',12,'082896700257',5.36,'Fetzer Gewurztraminer',5,1,0,0),(1576,'Fetzer Riesling',13,'082896710232',8.55,'Fetzer Riesling',5,1,0,0),(1577,'Bonterra Cabernet Sauvignon',12,'082896780402',15.99,'Bonterra Cabernet Sauvignon',5,1,0,0),(1578,'Bonterra Chardonnay',13,'082896780419',9.75,'Bonterra Chardonnay',5,1,0,0),(1579,'Water',12,'083046453375',0,'Water',4,NULL,1,0),(1580,'Quintessa Napa Valley Red 375 mL',12,'083085003517',89.99,'Quintessa Napa Valley Red 375 mL',5,1,0,0),(1581,'Rosatello Rose',12,'083085430016',14.5,'Rosatello Rose',5,1,0,0),(1582,'Description to show on screen and receipt',19,'083085903053',24.99,'Description to show on screen and receipt',5,1,0,0),(1583,'Jagermeister 1 L',12,'083089660150',33.93,'Jagermeister 1 L',7,1,0,0),(1584,'Franzia White Zinfandel 5L',12,'083120103196',21.99,'Franzia White Zinfandel 5L',5,1,0,0),(1585,'Don Eduardo Silver Tequlia',12,'083300032551',47.99,'Don Eduardo Silver Tequlia',7,1,0,0),(1586,'Amarula Cream Liqueur',18,'083300048729',17.64,'Amarula Cream Liqueur',7,1,0,0),(1587,'Da Luca Prosecco',13,'083417006612',11.78429,'Da Luca Prosecco',5,1,0,0),(1588,'Mud House Sauvignon Blanc 2017 New Zealand',13,'083417007022',11.25,'Mud House Sauvignon Blanc 2017 New Zealand',5,1,0,0),(1589,'Geyser Peak Cabernet Sauvignon Reserve',12,'083417023206',39.99,'Geyser Peak Cabernet Sauvignon Reserve',5,1,0,0),(1590,'Gibson Marsala',12,'083420127571',9.99,'Gibson Marsala',5,1,0,0),(1591,'Gibson pale Dry Sherry',12,'083420151699',11.99,'Gibson pale Dry Sherry',5,1,0,0),(1592,'Elk Cove Pinot Blanc',12,'083648842584',19.99,'Elk Cove Pinot Blanc',5,1,0,0),(1593,'Sailor Jerry Spice Rum 1 L',12,'083664868377',25.99,'Sailor Jerry Spice Rum 1 L',7,1,0,0),(1594,'Hendrick\'s Gin 1 L',12,'083664868780',45.46,'Hendrick\'s Gin 1 L',7,1,0,0),(1595,'Milagro Silver Tequila',12,'083664868919',33.99,'Milagro Silver Tequila',7,1,0,0),(1596,'Monkey Shoulder Scotch',12,'083664872541',37.75,'Monkey Shoulder Scotch',7,1,0,0),(1597,'Balvenie 15 Sherry Cask',2,'083664873197',94.75,'Balvenie 15 Sherry Cask',7,NULL,0,0),(1598,'Drambuie Spiced Whiskey',12,'083664873623',45.8,'Drambuie Spiced Whiskey',7,1,0,0),(1599,'Hazy Little thing IPA',1,'083783110104',7.3,'Hazy Little thing IPA',6,NULL,0,0),(1600,'Torpedo Extra Pale Ale 12 Pack',12,'083783381023',19.99,'Torpedo Extra Pale Ale 12 Pack',6,12,0,0),(1601,'Cook\'s Extra Dry Sparkling Wine 187 mL',12,'083804074507',2.99,'Cook\'s Extra Dry Sparkling Wine 187 mL',5,1,0,0),(1602,'Cook extra dry 4 pack',12,'083804074699',10.99,'Cook extra dry 4 pack',5,4,0,0),(1603,'Cooks Spumante',12,'083804074729',10.99,'Cooks Spumante',5,1,0,0),(1604,'Harp Irish Lager',17,'083820234732',6.67,'Harp Irish Lager',6,NULL,0,0),(1605,'Guinness Kaliber',12,'083820725520',1.99,'Guinness Kaliber',6,1,0,0),(1606,'Guinness Kaliber 6 Pack',12,'083820725537',8.99,'Guinness Kaliber 6 Pack',6,6,0,0),(1607,'Castle Rock Zinfandel',12,'083837006308',11.99,'Castle Rock Zinfandel',5,1,0,0),(1608,'Hinman Sweet Rose',12,'084002000121',9.99,'Hinman Sweet Rose',5,1,0,0),(1609,'Wine Saver Gift Set',12,'084256098813',19.99,'Wine Saver Gift Set',1,NULL,0,0),(1610,'Kinky Aloha Vodka 50ml',12,'084279002118',1.75,'Kinky Aloha Vodka 50ml',7,NULL,0,0),(1611,'Trader Vics Spiced Rum 1.75 Liter',18,'084279971247',16,'Trader Vics Spiced Rum 1.75 Liter',7,NULL,0,0),(1612,'Risata Moscato d\'Asti',12,'084279977638',17.99,'Risata Moscato d\'Asti',5,1,0,0),(1613,'Kinky Pink Vodka 50ml',12,'084279985978',1.85,'Kinky Pink Vodka 50ml',7,NULL,0,0),(1614,'Rondiaz Spicke Black Cherry Rum 50ml',12,'084279993553',1.85,'Rondiaz Spicke Black Cherry Rum 50ml',7,NULL,0,0),(1615,'Kinky Green Vodka 50ml',12,'084279996684',1.85,'Kinky Green Vodka 50ml',7,NULL,0,0),(1616,'Pennsylvania Dutch Eggnog',12,'084380360947',12.99,'Pennsylvania Dutch Eggnog',7,1,0,0),(1617,'Pennsylvania Dutch 200 mL',12,'084380360961',4.99,'Pennsylvania Dutch 200 mL',7,1,0,0),(1618,'Kikkoman Plum',11,'084391123999',10.33,'Kikkoman Plum',5,1,0,0),(1619,'Singha 6 Pack',12,'084543800075',13.99,'Singha 6 Pack',6,6,0,0),(1620,'Croft Port 2009',12,'084692000234',29.99,'Croft Port 2009',5,1,0,0),(1621,'Louis Jadot Pouilly-Fuisse',13,'084692424542',24.3,'Louis Jadot Pouilly-Fuisse',5,1,0,0),(1622,'Michele Chiarlo',12,'084692441341',15.99,'Michele Chiarlo',5,1,0,0),(1623,'Louis Jadot Pinot Noir',12,'084692458745',20.99,'Louis Jadot Pinot Noir',5,1,0,0),(1624,'Brunello Di Montalcino',12,'084692483907',49.99,'Brunello Di Montalcino',5,1,0,0),(1625,'Taitinger Champagne Brut',12,'084692501649',62.99,'Taitinger Champagne Brut',5,1,0,0),(1626,'Korbel Brandy',12,'084704000078',14.99,'Korbel Brandy',7,1,0,0),(1627,'E&J VSOP Brandy 50ml',12,'085000003862',1.99,'E&J VSOP Brandy 50ml',7,NULL,0,0),(1628,'Bridlewood Chardonnay',12,'085000016473',14.99,'Bridlewood Chardonnay',5,1,0,0),(1629,'Sutter Home Merlot 187ml',12,'08500229',2.79,'Sutter Home Merlot 187ml',5,1,0,0),(1630,'Chandon Brut 187ml',12,'085155001010',6.99,'Chandon Brut 187ml',5,1,0,0),(1631,'Ketel One Vodka 50ml',12,'085156404957',2.99,'Ketel One Vodka 50ml',7,NULL,0,0),(1632,'Ketel One Vodka 1 L',12,'085156610419',35.65,'Ketel One Vodka 1 L',7,1,0,0),(1633,'Diet Tonic',12,'085239014790',2,'Diet Tonic',2,NULL,0,0),(1634,'Maker\'s Mark Whisky 1 L',12,'085246139424',47.28,'Maker\'s Mark Whisky 1 L',7,1,0,0),(1635,'Red Shank Irish Whiskey',12,'085254900351',34.99,'Red Shank Irish Whiskey',7,1,0,0),(1636,'Red Shank Irish Whiskey',2,'085254901198',22.09,'Red Shank Irish Whiskey',7,NULL,0,0),(1637,'Zing 72 Botanical Gin Gift Box',12,'085316860104',29.99,'Zing 72 Botanical Gin Gift Box',7,1,0,0),(1638,'Travel Bottle',12,'085455216305',3.99,'Travel Bottle',1,NULL,0,0),(1639,'New Amsterdam Red Berry',18,'08557500',4034.693,'New Amsterdam Red Berry',7,NULL,0,0),(1640,'Tequila Rose Strawberry Cream',12,'085592121036',24.99,'Tequila Rose Strawberry Cream',7,1,0,0),(1641,'Tequila Rose Strawberry Cream 50ml',12,'085592121081',1.85,'Tequila Rose Strawberry Cream 50ml',7,NULL,0,0),(1642,'360 Double Chocolate vodka',2,'085592138553',11.5,'360 Double Chocolate vodka',7,1,0,0),(1643,'New Amserdam Mango Vodka 50ml',12,'08563404',1.95,'New Amserdam Mango Vodka 50ml',7,NULL,0,0),(1644,'Framboise Lambic',12,'085725108149',11.99,'Framboise Lambic',6,1,0,0),(1645,'Lindeman\'s Framboise',12,'085725108408',3.99,'Lindeman\'s Framboise',5,1,0,0),(1646,'Ayinger Oktober Fest',12,'085725122138',0,'Ayinger Oktober Fest',6,1,0,0),(1647,'Ayinger Oktober Fest 4 Pack',12,'085725422139',12.99,'Ayinger Oktober Fest 4 Pack',6,4,0,0),(1648,'Glow Squigglets',12,'085761196018',2.69,'Glow Squigglets',1,NULL,0,0),(1649,'Arbor crest Cliff house commemorative edition',12,'085817310139',13.99,'Arbor crest Cliff house commemorative edition',5,1,0,0),(1650,'Kung Fu Girl Riesling',19,'086003253001',9,'Kung Fu Girl Riesling',5,1,0,0),(1651,'Saldo',12,'086003258006',30.99,'Saldo',5,1,0,0),(1652,'Robert Mondavi Chardonney',12,'086003780248',0,'Robert Mondavi Chardonney',5,1,0,0),(1653,'7 Siete Leguas Tequila',12,'086024001919',69.99,'7 Siete Leguas Tequila',7,NULL,0,0),(1654,'Christian Brothers VS Brandy 50ml',12,'086036100198',1.99,'Christian Brothers VS Brandy 50ml',7,NULL,0,0),(1655,'Christian Brothers Meloso Cream Sherry',12,'086036186598',15.99,'Christian Brothers Meloso Cream Sherry',5,1,0,0),(1656,'Christian Brothers Brandy 1 L',18,'086036815559',11.67,'Christian Brothers Brandy 1 L',7,1,0,0),(1657,'Wall Art',12,'086131321085',3.99,'Wall Art',1,NULL,0,0),(1658,'Bailey\'s Irish Cream',12,'086767210043',35.65,'Bailey\'s Irish Cream',7,1,0,0),(1659,'Bailey\'s 50ml',12,'086767210128',3.75,'Bailey\'s 50ml',7,NULL,0,0),(1660,'Goldschlager',12,'086767500069',28.3,'Goldschlager',7,1,0,0),(1661,'Baileys Pumpkim Spice',12,'086767704665',26.99,'Baileys Pumpkim Spice',7,1,0,0),(1662,'Rocca delle 1macie 2015',13,'086785120331',21,'Rocca delle 1macie 2015',5,1,0,0),(1663,'Giulio Straccali',12,'086785130071',11.99,'Giulio Straccali',5,1,0,0),(1664,'Straccali Chianti 1.5Liter Italy',13,'086785130095',12,'Straccali Chianti 1.5Liter Italy',5,1,0,0),(1665,'Rocca Delle macie Moonlight',13,'086785141879',11.55,'Rocca Delle macie Moonlight',5,1,0,0),(1666,'Peter Yealands Sauvignon Blanc',12,'086785170008',16.99,'Peter Yealands Sauvignon Blanc',5,1,0,0),(1667,'Paul Mas Picpoul Du Pinet',12,'086785192185',13.99,'Paul Mas Picpoul Du Pinet',5,1,0,0),(1668,'Artesis Cote du Rhone',12,'086785246819',15.99,'Artesis Cote du Rhone',5,1,0,0),(1669,'Artesis Cote du Rhone 2016',12,'086785246871',16.99,'Artesis Cote du Rhone 2016',5,1,0,0),(1670,'Planteta La Segreta',12,'086785250007',5.99,'Planteta La Segreta',5,1,0,0),(1671,'Jean-Luc Colombo Rose',12,'086785350530',8,'Jean-Luc Colombo Rose',5,1,0,0),(1672,'120 Reserva Especial Pinot Noir',12,'086785470801',10.99,'120 Reserva Especial Pinot Noir',5,1,0,0),(1673,'Chic Barelona',12,'086785638102',4.99,'Chic Barelona',5,1,0,0),(1674,'Cinzano Rosso',12,'086785900179',13.99,'Cinzano Rosso',7,1,0,0),(1675,'Cinzano Extra Dry',13,'086785900209',13.99,'Cinzano Extra Dry',7,1,0,0),(1676,'Hahn GSM Central Coast 2017',13,'086788000470',10.5,'Hahn GSM Central Coast 2017',5,1,0,0),(1677,'Smith & Hook',13,'086788000906',18,'Smith & Hook',5,1,0,0),(1678,'Hahn Pinot Noir',13,'086788888023',11,'Hahn Pinot Noir',5,1,0,0),(1679,'Paramount Creme de Cacao',12,'086816100943',11.99,'Paramount Creme de Cacao',7,1,0,0),(1680,'Paramount Peach Schnapps 1 L',12,'086816106532',13.99,'Paramount Peach Schnapps 1 L',7,1,0,0),(1681,'Paramount Blackberry Flavored Brandy 1 L',12,'086816108734',14.99,'Paramount Blackberry Flavored Brandy 1 L',7,1,0,0),(1682,'Paramount Cherry Flavored Brandy',12,'086816109144',12.99,'Paramount Cherry Flavored Brandy',7,1,0,0),(1683,'Paramount Light Rum 1L',12,'086816124536',11.99,'Paramount Light Rum 1L',7,1,0,0),(1684,'Paramount Amaretto 1 L',12,'086816600931',13.99,'Paramount Amaretto 1 L',7,1,0,0),(1685,'Jimmy\'s Dill Vegetable Dip',12,'086824312802',7.99,'Jimmy\'s Dill Vegetable Dip',4,NULL,1,0),(1686,'Grace lane Riesling',12,'086891081564',10.99,'Grace lane Riesling',5,1,0,0),(1687,'Captain Morgan 1 Liter',18,'087000002708',18.63,'Captain Morgan 1 Liter',7,NULL,0,0),(1688,'Bulleit Bourbon 1L',18,'087000005549',29.99,'Bulleit Bourbon 1L',7,NULL,0,0),(1689,'Crown Royal 1 L',18,'087000007246',28.34,'Crown Royal 1 L',7,1,0,0),(1690,'Seagram\'s 7 1L',12,'087000007321',17.99,'Seagram\'s 7 1L',7,1,0,0),(1691,'Captian Morgan Mini 10x12',2,'087000506336',17.5,'Captian Morgan Mini 10x12',7,NULL,0,0),(1692,'Seagram\'s 7 Whiskey 1.75 L',12,'087000700703',27.76,'Seagram\'s 7 Whiskey 1.75 L',7,1,0,0),(1693,'UV Ruby Red Vodka 50ml',12,'087116000445',1.99,'UV Ruby Red Vodka 50ml',7,NULL,0,0),(1694,'Revel Stoke',12,'087116001732',1.99,'Revel Stoke',7,NULL,0,0),(1695,'UV Apple Vodka',12,'087116014428',14.99,'UV Apple Vodka',7,1,0,0),(1696,'UV Cherry Vodka 1 L',12,'087116014435',16.75,'UV Cherry Vodka 1 L',7,1,0,0),(1697,'UV Blue Vodka 1.75 L',12,'087116014527',24.09,'UV Blue Vodka 1.75 L',7,1,0,0),(1698,'UV Cake Vodka 50ml',12,'087116015470',1.85,'UV Cake Vodka 50ml',7,NULL,0,0),(1699,'Phillips Rootbeer Schnapps 1 L',12,'087116034617',15.99,'Phillips Rootbeer Schnapps 1 L',7,1,0,0),(1700,'Crown Royal Canadian Whiskey 50ml',12,'08719902',2.99,'Crown Royal Canadian Whiskey 50ml',7,NULL,0,0),(1701,'Porto Tellu\'s Ruby',12,'087202008058',15.99,'Porto Tellu\'s Ruby',5,1,0,0),(1702,'Tellus Port',12,'087202008065',13,'Tellus Port',5,1,0,0),(1703,'Metaxa Ouzo',12,'087236210359',23.05,'Metaxa Ouzo',7,1,0,0),(1704,'Cointreau Liqueur',12,'087236565107',45.5,'Cointreau Liqueur',7,1,0,0),(1705,'Mezzacorona Pinot Grigio',12,'087241881063',11.99,'Mezzacorona Pinot Grigio',5,1,0,0),(1706,'Captain Morgan Spiced Rum 50ml',12,'08731409',1.5,'Captain Morgan Spiced Rum 50ml',7,NULL,0,0),(1707,'Mini Seagrams 7 50ml',2,'08732602',1.25,'Mini Seagrams 7 50ml',7,NULL,0,0),(1708,'Truly Berry Mix Pack',12,'087692006862',19.99,'Truly Berry Mix Pack',6,12,0,0),(1709,'Sam Adams',12,'087692100126',8,'Sam Adams',6,NULL,0,0),(1710,'Hogue Late Harvest Riesling',21,'087754000159',9,'Hogue Late Harvest Riesling',5,1,0,0),(1711,'Seagram\'s 7 Whiskey 375ml',1,'08776509',5,'Seagram\'s 7 Whiskey 375ml',7,NULL,0,0),(1712,'Maddalena',12,'087872057097',13.99,'Maddalena',5,1,0,0),(1713,'Stella Rossa Rosso',12,'087872630139',14.99,'Stella Rossa Rosso',5,1,0,0),(1714,'Stella Rosa Black 250ml',12,'087872633116',5.75,'Stella Rosa Black 250ml',5,1,0,0),(1715,'Stella Rosa Platinum 250 ml',12,'087872633147',5.75,'Stella Rosa Platinum 250 ml',5,1,0,0),(1716,'Blue Moon 12oz Bottle',17,'08787337',1.45,'Blue Moon 12oz Bottle',6,NULL,0,0),(1717,'Taylor Bourbon',12,'088004005511',68.99,'Taylor Bourbon',7,1,0,0),(1718,'Dr. McGillicuddy\'s Wild Grape',12,'088004009557',18.99,'Dr. McGillicuddy\'s Wild Grape',7,1,0,0),(1719,'Dr. McGillicuddy\'s Apple Pie 50ml',12,'088004009755',1.99,'Dr. McGillicuddy\'s Apple Pie 50ml',7,NULL,0,0),(1720,'Dr. McGillicuddy\'s Peach 50ml',12,'088004009793',1.99,'Dr. McGillicuddy\'s Peach 50ml',7,NULL,0,0),(1721,'Tortilla Silver Tequila',2,'088004015114',8.75,'Tortilla Silver Tequila',7,NULL,0,0),(1722,'Benchmark Egg Nog',12,'088004015695',9.99,'Benchmark Egg Nog',7,1,0,0),(1723,'Tijuana Sweet Heat 50ml',12,'088004020972',1.99,'Tijuana Sweet Heat 50ml',7,NULL,0,0),(1724,'Tuaca Brandy',12,'088004025984',25.02,'Tuaca Brandy',7,1,0,0),(1725,'Dr. McGillicuddy\'s Raw Vanilla 1 L',12,'088004144630',24.1,'Dr. McGillicuddy\'s Raw Vanilla 1 L',7,1,0,0),(1726,'Fireball Cinnamon Whiskey 1L',12,'088004144678',24.81,'Fireball Cinnamon Whiskey 1L',7,1,0,0),(1727,'FireBall 50 ml',2,'088004144708',1.4,'FireBall 50 ml',7,NULL,0,0),(1728,'Fireball 200ml',12,'088004144739',4,'Fireball 200ml',7,NULL,0,0),(1729,'Cherry McGillicuddy\'s 1L',12,'088004148218',24.1,'Cherry McGillicuddy\'s 1L',5,1,0,0),(1730,'Dr. McGillicuddy\'s Cherry 50ml',12,'088004148263',1.99,'Dr. McGillicuddy\'s Cherry 50ml',7,NULL,0,0),(1731,'Dickel Tennessee Sour Mash Whisky',12,'088076006232',29.35,'Dickel Tennessee Sour Mash Whisky',7,1,0,0),(1732,'Ciro Vodka',12,'088076161863',38.99,'Ciro Vodka',7,1,0,0),(1733,'Bailey\'s Minis 100ml 3-pack',2,'088076182448',6.25,'Bailey\'s Minis 100ml 3-pack',7,NULL,0,0),(1734,'Johnnie Walker White Walker Scotch',12,'088076182783',48.99,'Johnnie Walker White Walker Scotch',7,1,0,0),(1735,'Johnnie Walker A Song of Fire Scotch',2,'088076184114',34.25,'Johnnie Walker A Song of Fire Scotch',7,NULL,0,0),(1736,'Black Velvet 1.75 L',18,'088100134511',15.68,'Black Velvet 1.75 L',7,1,0,0),(1737,'Black Velvet 1 L',12,'088100134535',15.4,'Black Velvet 1 L',7,1,0,0),(1738,'Black Velvet 375 mL',2,'088100134573',7.99,'Black Velvet 375 mL',7,1,0,0),(1739,'Mini Black Velvet 50ml',2,'088100134597',1.4,'Mini Black Velvet 50ml',7,NULL,0,0),(1740,'Black Velvet Toasted Carmel',18,'088100134856',10.13,'Black Velvet Toasted Carmel',7,1,0,0),(1741,'Dalwhinnie 15 Year Scotch',2,'088110100056',52.74,'Dalwhinnie 15 Year Scotch',7,NULL,0,0),(1742,'Tanqueray Gin 1 L',12,'088110110406',33.55,'Tanqueray Gin 1 L',7,1,0,0),(1743,'Lagavulin 16 year Scotch',2,'088110140052',76.74,'Lagavulin 16 year Scotch',7,1,0,0),(1744,'Oban 14 Single Malt Whisky',2,'088110160050',62.5,'Oban 14 Single Malt Whisky',7,NULL,0,0),(1745,'Mini Moet 187ml',12,'088110551025',11.99,'Mini Moet 187ml',5,1,0,0),(1746,'Sebastiani Cabernet Sauvignon',19,'088232002610',13.5,'Sebastiani Cabernet Sauvignon',5,1,0,0),(1747,'Sabastini Merlot',12,'088232002634',18.99,'Sabastini Merlot',5,1,0,0),(1748,'Juarez Gold Tequila',2,'088352100272',12.75,'Juarez Gold Tequila',7,NULL,0,0),(1749,'Extra Brooks Bourbon 50ml',12,'088352115368',1.85,'Extra Brooks Bourbon 50ml',7,NULL,0,0),(1750,'Old Medley Bourbon Whiskey 12 Year',12,'088352116907',68.99,'Old Medley Bourbon Whiskey 12 Year',7,NULL,0,0),(1751,'Arrow Peppermint Schnapps 50ml',12,'088352117539',1.85,'Arrow Peppermint Schnapps 50ml',7,NULL,0,0),(1752,'Arrow Peppermint Schnapps 1 L',12,'088352118482',14.99,'Arrow Peppermint Schnapps 1 L',7,1,0,0),(1753,'Arrow Apricot Brandy',12,'088352118604',11.29,'Arrow Apricot Brandy',7,1,0,0),(1754,'Arrow Sloe Gin',12,'088352118871',10.99,'Arrow Sloe Gin',7,1,0,0),(1755,'Everclear 151 Proof',12,'088352123097',19.99,'Everclear 151 Proof',7,1,0,0),(1756,'Mini Pearl Vodka',2,'088352123127',1.4,'Mini Pearl Vodka',7,NULL,0,0),(1757,'Pearl Vodka, Cucumber',12,'088352125275',11.5,'Pearl Vodka, Cucumber',7,1,0,0),(1758,'Pearl Vodka, Wedding Cake',12,'088352126975',15.99,'Pearl Vodka, Wedding Cake',7,NULL,0,0),(1759,'Pearl Peach Vodka',18,'088352127156',11.5,'Pearl Peach Vodka',7,1,0,0),(1760,'Pearl Vodka, Wedding two Pack',12,'088352127194',39.99,'Pearl Vodka, Wedding two Pack',7,1,0,0),(1761,'Pearl Chocolate Covered Cherry Vodka 50ml',12,'088352127941',1.75,'Pearl Chocolate Covered Cherry Vodka 50ml',7,NULL,0,0),(1762,'Rebel Yell Root Beer',12,'088352131498',1.99,'Rebel Yell Root Beer',7,NULL,0,0),(1763,'Exra Brooks Bourbon Cream 50ml',12,'088352132020',1.75,'Exra Brooks Bourbon Cream 50ml',7,NULL,0,0),(1764,'Southern Comfort 50ml',12,'088544000021',1.5,'Southern Comfort 50ml',7,NULL,0,0),(1765,'Southern Comfort 1 L',12,'088544018941',28.24,'Southern Comfort 1 L',7,1,0,0),(1766,'Shiner Bock 6 pack',17,'088573331011',8.05,'Shiner Bock 6 pack',6,6,0,0),(1767,'St James Peach',12,'088582000502',11.99,'St James Peach',5,1,0,0),(1768,'St James Cherry',12,'088582000519',11.99,'St James Cherry',5,1,0,0),(1769,'St James Strawberry',12,'088582000526',11.5,'St James Strawberry',5,1,0,0),(1770,'St.James Raspberry Wine',13,'088582000663',7.5,'St.James Raspberry Wine',5,1,0,0),(1771,'Two Vines Merot',12,'088586001109',10.99,'Two Vines Merot',5,1,0,0),(1772,'H3 Merlot',12,'088586003431',15.5,'H3 Merlot',5,1,0,0),(1773,'Nicolas Feuillatte Brut Reserve',12,'088586003899',39.99,'Nicolas Feuillatte Brut Reserve',5,1,0,0),(1774,'Columbia Crest Chardonnay',12,'088586005671',13.75,'Columbia Crest Chardonnay',5,1,0,0),(1775,'Motto Red Blend',12,'088586007194',14.99,'Motto Red Blend',5,1,0,0),(1776,'Intrinsic Cabernet Sauvignon',12,'088586007859',22,'Intrinsic Cabernet Sauvignon',5,1,0,0),(1777,'Intrinsic Wine Box Set',13,'088586010101',17,'Intrinsic Wine Box Set',5,1,0,0),(1778,'Chateau ste Michelle',12,'088586621840',12.5,'Chateau ste Michelle',5,1,0,0),(1779,'Red Wine Stain Emergency Kit',12,'088621660100',11.99,'Red Wine Stain Emergency Kit',1,NULL,0,0),(1780,'Cider Boys First Press',12,'088733900019',1.99,'Cider Boys First Press',6,1,0,0),(1781,'Cider Boys First Press',12,'088733900026',10.75,'Cider Boys First Press',6,1,0,0),(1782,'Cider Boys Strawberry 6 Pack',1,'088733900125',7.75,'Cider Boys Strawberry 6 Pack',6,NULL,0,0),(1783,'Cider boys Cranberry Road CranApple Cider',12,'088733900217',1.99,'Cider boys Cranberry Road CranApple Cider',6,1,0,0),(1784,'Cider Boys Tiki Colada',1,'088733900224',7.72,'Cider Boys Tiki Colada',6,6,0,0),(1785,'Stone Hill Pink Catawba',12,'088790216481',7.75,'Stone Hill Pink Catawba',5,1,0,0),(1786,'Stone Hill Concord',12,'088790217495',7.99,'Stone Hill Concord',5,1,0,0),(1787,'Mr. Boston Rock & Rye',12,'089000013586',10.99,'Mr. Boston Rock & Rye',7,1,0,0),(1788,'Chi-chi\'s Margarita 1.75 L',12,'089000018758',15.99,'Chi-chi\'s Margarita 1.75 L',7,1,0,0),(1789,'Chi-chi\'s Strawberry Margarita',12,'089000019182',15.99,'Chi-chi\'s Strawberry Margarita',7,1,0,0),(1790,'Chi-chi\'s Pina Colada',12,'089000500307',15.99,'Chi-chi\'s Pina Colada',7,1,0,0),(1791,'Clear Spring grain Alcohol 190 Proof',12,'089000604548',21.99,'Clear Spring grain Alcohol 190 Proof',7,1,0,0),(1792,'Sobieski Vodka 1.75 L',12,'089016008491',24.09,'Sobieski Vodka 1.75 L',7,1,0,0),(1793,'Uncle Bob\'s Root beer Whiskey',12,'089105870022',1.75,'Uncle Bob\'s Root beer Whiskey',7,NULL,0,0),(1794,'Cypress Chardonnay',12,'089121058527',9.5,'Cypress Chardonnay',5,1,0,0),(1795,'Ariel nCabernet Dealcoholized',13,'089121850022',8,'Ariel nCabernet Dealcoholized',5,1,0,0),(1796,'Santa Barbara SUn Dried Tomato Stuffed Olives',16,'089156801808',3.53,'Santa Barbara SUn Dried Tomato Stuffed Olives',4,NULL,1,0),(1797,'Santa Barbara Maraschino Cherries',12,'089156801914',1.99,'Santa Barbara Maraschino Cherries',4,NULL,1,0),(1798,'Yalumba viognier',12,'089208400089',12.99,'Yalumba viognier',5,1,0,0),(1799,'Warren\'s Otima 20 year Tawny Porto',12,'089419003178',52,'Warren\'s Otima 20 year Tawny Porto',5,1,0,0),(1800,'Famille Perrin Cote du Rhone',12,'089419015942',10.99,'Famille Perrin Cote du Rhone',5,1,0,0),(1801,'Man Vintners Chenin Blanc',12,'089419151039',11.99,'Man Vintners Chenin Blanc',5,1,0,0),(1802,'Chateau de Beacastel',12,'089419212150',99.99,'Chateau de Beacastel',5,1,0,0),(1803,'Miraval Cote de Provence',12,'089419235111',26.6,'Miraval Cote de Provence',5,1,0,0),(1804,'Symington Altano Douro Red Blend 2016',13,'089419315998',8.25,'Symington Altano Douro Red Blend 2016',5,1,0,0),(1805,'Kahlua Rum & Coffee Liqueur 1 L',12,'089540122700',32.49,'Kahlua Rum & Coffee Liqueur 1 L',7,1,0,0),(1806,'Kuhlua 50ml',12,'089540122748',2.5,'Kuhlua 50ml',7,NULL,0,0),(1807,'Beefeater Gin 1 L',12,'089540333489',31.44,'Beefeater Gin 1 L',7,1,0,0),(1808,'Kahlua Mudslide 1.75 L',12,'089540416373',17.79,'Kahlua Mudslide 1.75 L',7,1,0,0),(1809,'Malibu Coconut Rum 1 L',12,'089540448978',23.04,'Malibu Coconut Rum 1 L',7,1,0,0),(1810,'Malibu Coconut Rum 50ml',12,'089540453927',1.85,'Malibu Coconut Rum 50ml',7,NULL,0,0),(1811,'Kahlua French Vanilla',12,'089540493398',28.99,'Kahlua French Vanilla',7,1,0,0),(1812,'Wente Riverbank Dry Riesling',13,'089636160005',10.5,'Wente Riverbank Dry Riesling',5,1,0,0),(1813,'Murrieta\'s Well The Spur Red Blend',13,'089636955007',18.66,'Murrieta\'s Well The Spur Red Blend',5,1,0,0),(1814,'Beringer',12,'089819003358',49.99,'Beringer',5,1,0,0),(1815,'Beringer White Zinfandel',12,'089819006526',9.99,'Beringer White Zinfandel',5,1,0,0),(1816,'Colby Red Blend',13,'089819541645',11,'Colby Red Blend',5,1,0,0),(1817,'Beringer Red Moscato',12,'089819541874',7,'Beringer Red Moscato',5,1,0,0),(1818,'Beringer Knights Valley Reserve Cabernet Sauvignon',12,'089819732623',62.99,'Beringer Knights Valley Reserve Cabernet Sauvignon',5,1,0,0),(1819,'Beringer White Zinfandel 4 pack',12,'089819784639',8.99,'Beringer White Zinfandel 4 pack',5,4,0,0),(1820,'Santa Julia Reserva Malbec',12,'089832845706',14.99,'Santa Julia Reserva Malbec',5,1,0,0),(1821,'Bellafina Prosecco',22,'089832901129',8.5,'Bellafina Prosecco',5,1,0,0),(1822,'Stainless steel wine collar',12,'090782256115',2.99,'Stainless steel wine collar',1,NULL,0,0),(1823,'Sauce Dish, Green',12,'091758575032',3.99,'Sauce Dish, Green',1,NULL,0,0),(1824,'TsingTao Lager 6 Pack',12,'092000013067',10.99,'TsingTao Lager 6 Pack',6,6,0,0),(1825,'Quark Cheese',20,'093432212615',3,'Quark Cheese',4,NULL,1,0),(1826,'Graham\'s Tawny Porto',12,'094799010012',22.99,'Graham\'s Tawny Porto',5,1,0,0),(1827,'Graham\'s 6 Grapes Reserve Porto',13,'094799010043',22.25,'Graham\'s 6 Grapes Reserve Porto',5,1,0,0),(1828,'W&J Graham\'s Porto',12,'094799010401',22.99,'W&J Graham\'s Porto',5,1,0,0),(1829,'Fireside Frontenac Gris',12,'094922036292',14.5,'Fireside Frontenac Gris',5,1,0,0),(1830,'Dirty Blonde Chocolate Ale 4 pack',12,'094922437471',9.99,'Dirty Blonde Chocolate Ale 4 pack',6,4,0,0),(1831,'El Caribe white',12,'094922482150',14.75,'El Caribe white',5,1,0,0),(1832,'Another place in Time',12,'094922482211',13.99,'Another place in Time',5,1,0,0),(1833,'Van Wijk Crimson swirl',12,'094922482303',15.75,'Van Wijk Crimson swirl',5,1,0,0),(1834,'Fireside Blu',12,'094922893017',14.99,'Fireside Blu',5,1,0,0),(1835,'Blackheart Spiced Rum',2,'096749011681',12.91,'Blackheart Spiced Rum',7,NULL,0,0),(1836,'Evan Williams Bourbon',12,'096749021345',17.25,'Evan Williams Bourbon',7,1,0,0),(1837,'Evan Williams Kentucky Cider',2,'096749083763',8.44,'Evan Williams Kentucky Cider',7,NULL,0,0),(1838,'Admiral Nelson\'s Cherry Spiced Rum 50ml',12,'096749086375',2.49,'Admiral Nelson\'s Cherry Spiced Rum 50ml',7,NULL,0,0),(1839,'Roederer Estate Brut',12,'097546102008',25.99,'Roederer Estate Brut',5,1,0,0),(1840,'Rombauer Chardonnay',12,'097921970109',38.99,'Rombauer Chardonnay',5,1,0,0),(1841,'Cline Syrah',12,'098652130022',13.99,'Cline Syrah',5,1,0,0),(1842,'Cline Viognier',13,'098652180027',9.24,'Cline Viognier',5,1,0,0),(1843,'Cline Ancient Vines',13,'098652300029',12,'Cline Ancient Vines',5,1,0,0),(1844,'Giuseppe Cortese',12,'098709010543',29.99,'Giuseppe Cortese',5,1,0,0),(1845,'Ciro Rosso Classico',12,'098709252004',12.99,'Ciro Rosso Classico',5,1,0,0),(1846,'Librandi Ciro Bianco 2018',13,'098709252158',8,'Librandi Ciro Bianco 2018',5,1,0,0),(1847,'Prager Gruner Veltliner',12,'098709300132',29.99,'Prager Gruner Veltliner',5,1,0,0),(1848,'Zenato Pinot Grigio delle Venezie 2018',13,'098709434004',10.5,'Zenato Pinot Grigio delle Venezie 2018',5,1,0,0),(1849,'Tilia Malbec Mendoza Argentina',13,'098709670150',10,'Tilia Malbec Mendoza Argentina',5,1,0,0),(1850,'Orin Swift Fragile',12,'10000001',15,'Orin Swift Fragile',5,1,0,0),(1851,'Orin Swift Machete',12,'10000002',49.99,'Orin Swift Machete',5,1,0,0),(1852,'Nouveau-Nez Vigneron',12,'10000003',0,'Nouveau-Nez Vigneron',5,1,0,0),(1853,'Brady Petite Sirah',12,'10000004',23.99,'Brady Petite Sirah',5,1,0,0),(1854,'Josh Cabernet Sauvignon',12,'10000005',18.99,'Josh Cabernet Sauvignon',5,1,0,0),(1855,'Smith & Hook Cabernet Sauvignon',12,'10000006',21.99,'Smith & Hook Cabernet Sauvignon',5,1,0,0),(1856,'Silencieux Cabernet Sauvignon',12,'10000007',56.99,'Silencieux Cabernet Sauvignon',5,1,0,0),(1857,'Treana Cabernet Sauvignon',12,'10000008',27.99,'Treana Cabernet Sauvignon',5,1,0,0),(1858,'Brassfields Cabernet Sauvignon',12,'10000009',89.99,'Brassfields Cabernet Sauvignon',5,1,0,0),(1859,'Kirkwood My First Crush',12,'10000010',19.99,'Kirkwood My First Crush',5,1,0,0),(1860,'Kirkwood Blue Bell Sparkling Wine',12,'10000011',18.99,'Kirkwood Blue Bell Sparkling Wine',5,1,0,0),(1861,'Modus Toscana',12,'10000012',24.99,'Modus Toscana',5,1,0,0),(1862,'Butternut Chardonnay',12,'10000013',18.99,'Butternut Chardonnay',5,1,0,0),(1863,'Washington Hills Riesling',12,'10000014',11.99,'Washington Hills Riesling',5,1,0,0),(1864,'Gerard Bertrand',12,'10000015',15.99,'Gerard Bertrand',5,1,0,0),(1865,'Nautica Notre Dame du Quatourze',12,'10000016',16.99,'Nautica Notre Dame du Quatourze',5,1,0,0),(1866,'Orin Swift Shatter',12,'10000017',23.99,'Orin Swift Shatter',5,1,0,0),(1867,'Ringneck Red',12,'10000018',13.25,'Ringneck Red',5,1,0,0),(1868,'Kirkwood Masters Cuvee',12,'10000019',12.99,'Kirkwood Masters Cuvee',5,1,0,0),(1869,'Winneshiek Wildberry Winnery Hunga Dunga Bird',12,'10000020',11.99,'Winneshiek Wildberry Winnery Hunga Dunga Bird',5,1,0,0),(1870,'Cedar Ridge Port',12,'10000021',17.99,'Cedar Ridge Port',5,1,0,0),(1871,'Captain Morgan Spiced Rum 1 L',12,'10000022',25.68,'Captain Morgan Spiced Rum 1 L',7,1,0,0),(1872,'Johnnie Walker Red Label Whiskey 1 L',12,'10000023',36.91,'Johnnie Walker Red Label Whiskey 1 L',7,1,0,0),(1873,'Calvados Morin Apple Brandy',12,'10000024',26.99,'Calvados Morin Apple Brandy',7,1,0,0),(1874,'Comisario Reposado Tequila',12,'10000025',53.99,'Comisario Reposado Tequila',7,1,0,0),(1875,'Betterbody Agave',12,'10000026',7.99,'Betterbody Agave',4,NULL,1,0),(1876,'Wine collector Martini pics',12,'10000027',12.99,'Wine collector Martini pics',1,NULL,0,0),(1877,'Birthday candles 60',12,'10000028',2.99,'Birthday candles 60',1,NULL,0,0),(1878,'Velvet Glove',12,'10000029',180,'Velvet Glove',5,1,0,0),(1879,'Silver Oak Cabernet Sauvignon Alexander Valley',12,'10000030',79.99,'Silver Oak Cabernet Sauvignon Alexander Valley',5,1,0,0),(1880,'Silver Oak Napa Valley Cabernet Sauvignon',12,'10000031',124.99,'Silver Oak Napa Valley Cabernet Sauvignon',5,1,0,0),(1881,'Venge Bone Ash Napa Cabernet Sauvignon',12,'10000032',115,'Venge Bone Ash Napa Cabernet Sauvignon',5,1,0,0),(1882,'Bien Nacido Syrah',12,'10000033',49.99,'Bien Nacido Syrah',5,1,0,0),(1883,'Cakebread Cellars Napa Valley Chardonnay',12,'10000034',49.99,'Cakebread Cellars Napa Valley Chardonnay',5,1,0,0),(1884,'Pahlmeyer Napa Chardonnay',12,'10000035',72.99,'Pahlmeyer Napa Chardonnay',5,1,0,0),(1885,'BigMoutch xl Wine Glass 750 mL',12,'10000036',19.99,'BigMoutch xl Wine Glass 750 mL',1,NULL,0,0),(1886,'Vollereaux Champagne Brut 375 mL',12,'10000037',19.99,'Vollereaux Champagne Brut 375 mL',5,1,0,0),(1887,'Cheese House',12,'11',8.49,'Cheese House',9,NULL,0,0),(1888,'Johnnie Walker Blue Label Whiskey',12,'1110470877008',174,'Johnnie Walker Blue Label Whiskey',7,1,0,0),(1890,'Pepsi 2 L',12,'1223004',2.69,'Pepsi 2 L',15,1,0,0),(1891,'Diet Pepsi 2 L',12,'1223101',2.69,'Diet Pepsi 2 L',15,1,0,0),(1892,'La Romantica Permonte Branchetto',12,'130227059823',13.99,'La Romantica Permonte Branchetto',5,1,0,0),(1893,'Hogue Riesling',12,'14173783',0,'Hogue Riesling',5,1,0,0),(1894,'Rose\'s Sweetened Lime Juice 12 oz',12,'1660433',4.99,'Rose\'s Sweetened Lime Juice 12 oz',4,NULL,1,0),(1895,'Choya Plum Wine',13,'1682114024',12,'Choya Plum Wine',5,1,0,0),(1896,'Dr. McGillicuddy\'s Cherry 1 L',12,'1744148218',24.1,'Dr. McGillicuddy\'s Cherry 1 L',7,1,0,0),(1897,'Fabulous Flask 147ml',12,'179943622041',4.99,'Fabulous Flask 147ml',1,NULL,0,0),(1898,'Bottle stopper',12,'179943622058',6.99,'Bottle stopper',1,NULL,0,0),(1899,'Chelada 6 pack',12,'1823024',12.99,'Chelada 6 pack',6,6,0,0),(1900,'Tabor Home Barn Dance Red',21,'182976000076',11,'Tabor Home Barn Dance Red',5,1,0,0),(1901,'Tabor Hone Cheery cherry',12,'182976000151',12.99,'Tabor Hone Cheery cherry',5,1,0,0),(1902,'Tabor Home Cranberry Whistle',21,'182976000168',10,'Tabor Home Cranberry Whistle',5,1,0,0),(1903,'Shueyville\'s Reserve',21,'182976000205',10,'Shueyville\'s Reserve',5,1,0,0),(1904,'Dr. Losen Reisling',13,'183103000013',14.99,'Dr. Losen Reisling',5,1,0,0),(1905,'Clayhouse Adobe Red Blend 2014',13,'183276000612',9,'Clayhouse Adobe Red Blend 2014',5,1,0,0),(1906,'Kungfu Girl Riesling',12,'184745000041',13.99,'Kungfu Girl Riesling',5,1,0,0),(1907,'Machete Red Wine Orin Swift',19,'185094400001',37.75,'Machete Red Wine Orin Swift',5,1,0,0),(1908,'Land Shark Lager',12,'1877928',1.99,'Land Shark Lager',6,1,0,0),(1909,'Chelada 16oz 4 pack',12,'1886625',12.99,'Chelada 16oz 4 pack',6,4,0,0),(1910,'Cachette',12,'189113000616',6,'Cachette',5,1,0,0),(1911,'1921 Tequila',12,'1921 TEQUILA',49.99,'1921 Tequila',9,NULL,0,0),(1912,'Crofton Wine Cooling Stick',3,'20038892',10,'Crofton Wine Cooling Stick',1,NULL,0,0),(1913,'Cheese Knive Set, Black',12,'20061104',9.99,'Cheese Knive Set, Black',1,NULL,0,0),(1914,'Cheese knife Set, Metal',12,'20061111',9.99,'Cheese knife Set, Metal',1,NULL,0,0),(1915,'BackPocket Slingshot',1,'2131004040',7.5,'BackPocket Slingshot',6,NULL,0,0),(1916,'Dogfish Head 60 Minute IPA 6 pack',12,'220222617040',12.99,'Dogfish Head 60 Minute IPA 6 pack',6,6,0,0),(1917,'Olives',12,'222',9.99,'Olives',9,NULL,0,0),(1918,'Grey Goose Vodka 1 L',12,'22548887',48.25,'Grey Goose Vodka 1 L',7,1,0,0),(1919,'Redd\'s Apple Ale',12,'3477113',10.99,'Redd\'s Apple Ale',6,6,0,0),(1920,'Leinenkugel\'s Summer Shandy',12,'3477414',1.99,'Leinenkugel\'s Summer Shandy',6,1,0,0),(1921,'Description to show on screen and receipt',14,'3483812150007',16.75,'Description to show on screen and receipt',5,1,0,0),(1922,'Saint Cosme',12,'3483812150106',16.75,'Saint Cosme',5,1,0,0),(1923,'Saint Come Chateauneuf-Du-Pape 2016',14,'3483814000003',45,'Saint Come Chateauneuf-Du-Pape 2016',5,1,0,0),(1924,'Beaucharme Chardonnay',12,'3485851511115',19.99,'Beaucharme Chardonnay',5,1,0,0),(1925,'Bastide Miraflores Syrah & Genache',12,'3760031472913',15.99,'Bastide Miraflores Syrah & Genache',5,1,0,0),(1926,'Famaey Malbec',12,'3760078860018',15.99,'Famaey Malbec',5,1,0,0),(1927,'Domaine LA Barroche chateauneuf-du-pape',12,'3760158260028',56.99,'Domaine LA Barroche chateauneuf-du-pape',5,1,0,0),(1928,'Laurent Perrachon Beaujolais Villages',6,'3760174754532',9.5,'Laurent Perrachon Beaujolais Villages',5,1,0,0),(1929,'Gevrey-Chambertin Petit Chapelle 1er Cru',12,'3760200090818',99.99,'Gevrey-Chambertin Petit Chapelle 1er Cru',5,1,0,0),(1930,'Gracevina Dry White',12,'3850112163219',11.99,'Gracevina Dry White',5,1,0,0),(1931,'4 Alarm Cheddar',21,'4 ALARM CHEDDAR',6.99,'4 Alarm Cheddar',9,NULL,0,0),(1933,'Weinflaschenverdchluss',12,'4000530485960',9.99,'Weinflaschenverdchluss',1,NULL,0,0),(1934,'Picture, B&W Photo',12,'400100102619',5.99,'Picture, B&W Photo',1,NULL,0,0),(1935,'Picture, B&W Photo',12,'400100102633',5.99,'Picture, B&W Photo',1,NULL,0,0),(1936,'Kitchen Towel',12,'400874558711',6.99,'Kitchen Towel',1,NULL,0,0),(1937,'Kitchen Towel',12,'400874561384',6.99,'Kitchen Towel',1,NULL,0,0),(1938,'Napa Valley Grape seed oil',12,'405000009662',13.99,'Napa Valley Grape seed oil',4,NULL,1,0),(1939,'Schwarzhow',12,'405580018399',20.99,'Schwarzhow',7,NULL,0,0),(1940,'Sweet English Cheddar HF',3,'4099100000061',3.99,'Sweet English Cheddar HF',4,NULL,1,0),(1941,'HF Mango Ginger Stilton',3,'4099100000078',3.99,'HF Mango Ginger Stilton',4,NULL,1,0),(1942,'Scalloped Crackers Sea Salt',12,'4099100000726',3.99,'Scalloped Crackers Sea Salt',4,NULL,1,0),(1943,'Cheddar Truffle Cheese',3,'4099100011029',3.75,'Cheddar Truffle Cheese',4,NULL,1,0),(1944,'two Year Aged English Cheddar',3,'4099100011036',3.99,'two Year Aged English Cheddar',4,NULL,1,0),(1945,'Wensleydale & Cranberries',3,'4099100011043',3.75,'Wensleydale & Cranberries',4,NULL,1,0),(1946,'Birthday Card',3,'4099100011296',2,'Birthday Card',1,NULL,0,0),(1947,'Birthday Card',3,'4099100011319',2,'Birthday Card',1,NULL,0,0),(1948,'Birthday Card',3,'4099100011326',2,'Birthday Card',1,NULL,0,0),(1949,'Birthday Card',3,'4099100011333',2,'Birthday Card',1,NULL,0,0),(1950,'Birthday Card',3,'4099100011357',2,'Birthday Card',1,NULL,0,0),(1951,'Birthday Card',3,'4099100011364',2,'Birthday Card',1,NULL,0,0),(1952,'Engagement Card',3,'4099100011388',2,'Engagement Card',1,NULL,0,0),(1953,'Thinking of You Greeting Card',3,'4099100011401',2,'Thinking of You Greeting Card',1,NULL,0,0),(1954,'Thank You Card',3,'4099100011418',2,'Thank You Card',1,NULL,0,0),(1955,'New Home Greeting Card',3,'4099100011425',2,'New Home Greeting Card',1,NULL,0,0),(1956,'Pueblo Lindo Tortilla Triangles',3,'4099100016338',2.99,'Pueblo Lindo Tortilla Triangles',2,NULL,0,0),(1957,'Red Wine Cheese, Specially Selected',12,'4099100018417',8.99,'Red Wine Cheese, Specially Selected',4,NULL,1,0),(1958,'Cocktail Stirrers, Spicy',12,'4099100018431',6.99,'Cocktail Stirrers, Spicy',4,NULL,1,0),(1959,'Sparkling Wine Cheese, Specially Selected',12,'4099100018448',8.99,'Sparkling Wine Cheese, Specially Selected',4,NULL,1,0),(1960,'Mature Cheddar with Balsmic Red Onion',12,'4099100030426',7.99,'Mature Cheddar with Balsmic Red Onion',4,NULL,1,0),(1961,'Happy Farms Fondue',12,'4099100031003',9.99,'Happy Farms Fondue',4,NULL,1,0),(1962,'Rustic Red Cheddar',3,'4099100037296',3.99,'Rustic Red Cheddar',4,NULL,1,0),(1963,'Cave Aged Cheddar',12,'4099100037319',3.99,'Cave Aged Cheddar',4,NULL,1,0),(1964,'Olive Tepenade Hummus',3,'4099100041842',1.89,'Olive Tepenade Hummus',4,NULL,1,0),(1965,'Laviana Double Chocolate',12,'4099100049893',4.5,'Laviana Double Chocolate',4,NULL,1,0),(1966,'Metal Animal Planter',21,'4099100051285',7,'Metal Animal Planter',1,NULL,0,0),(1967,'Pesto Gouda',12,'4099100054446',6.99,'Pesto Gouda',4,NULL,1,0),(1968,'Bottle Bag',12,'4099100056075',2.59,'Bottle Bag',1,NULL,0,0),(1969,'Wine Bag, Party Time',12,'4099100056099',2.49,'Wine Bag, Party Time',1,NULL,0,0),(1970,'Bottle Bag',12,'4099100056112',2.59,'Bottle Bag',1,NULL,0,0),(1971,'Together Forever Anniversary Card',3,'4099100056440',1.75,'Together Forever Anniversary Card',1,NULL,0,0),(1972,'Welcome Baby Card',3,'4099100056457',1.75,'Welcome Baby Card',1,NULL,0,0),(1973,'Party Animal Birthday Card',3,'4099100056464',1.75,'Party Animal Birthday Card',1,NULL,0,0),(1974,'Party Time Birthday Card',3,'4099100056488',1.75,'Party Time Birthday Card',1,NULL,0,0),(1975,'Awesome Birthday Club Card',3,'4099100056532',1.75,'Awesome Birthday Club Card',1,NULL,0,0),(1976,'Have a Rockin\' Birthday Card',3,'4099100056556',1.75,'Have a Rockin\' Birthday Card',1,NULL,0,0),(1977,'Lattice Cut Kettle Chips',3,'4099100062250',3,'Lattice Cut Kettle Chips',2,NULL,0,0),(1978,'Vintage English Cheddar',12,'4099100063387',3.99,'Vintage English Cheddar',4,NULL,1,0),(1979,'Clancy\'s Pretzel Slims',3,'4099100064254',1.99,'Clancy\'s Pretzel Slims',10,NULL,0,0),(1980,'Lemon Juicer',3,'4099100065213',6,'Lemon Juicer',1,NULL,0,0),(1981,'Burman\'s Steak Sauce',3,'4099100074833',1.75,'Burman\'s Steak Sauce',2,NULL,0,0),(1982,'Lip Balm, Be Kissed',12,'4099100088724',4.99,'Lip Balm, Be Kissed',1,NULL,0,0),(1983,'Feta Cheese Cubes',3,'4099100107227',3.59,'Feta Cheese Cubes',4,NULL,1,0),(1984,'Martinellis Sparkling Cider',12,'4124467',4.99,'Martinellis Sparkling Cider',15,1,0,0),(1985,'Burman\'s Hot sauce',12,'4141877',2.99,'Burman\'s Hot sauce',4,NULL,1,0),(1986,'Ice Balls',12,'48858854',6.99,'Ice Balls',1,NULL,0,0),(1987,'Kirkwood WInery My First Crush',21,'490750812860',15,'Kirkwood WInery My First Crush',5,1,0,0),(1988,'Secret Cellar Hat',21,'492090700081',10,'Secret Cellar Hat',1,NULL,0,0),(1989,'Secret Cellar White Hat',21,'492090700098',10,'Secret Cellar White Hat',1,NULL,0,0),(1990,'La Crema Pinot Noir',12,'4930709',22.99,'La Crema Pinot Noir',5,1,0,0),(1991,'5 Cent Candy',21,'5 CENT CANDY',0.03,'5 Cent Candy',2,NULL,0,0),(1992,'Timorois Beastie Scotch',12,'5014218796056',67.99,'Timorois Beastie Scotch',7,1,0,0),(1993,'Belgian Truffles 16oz',23,'5410291007636',5,'Belgian Truffles 16oz',2,NULL,0,0),(1994,'Crabbies Ginger Beer',19,'557000001',9,'Crabbies Ginger Beer',6,NULL,0,0),(1995,'Meet & Meat',12,'5600228155107',13.99,'Meet & Meat',5,1,0,0),(1996,'Paxis red blend',12,'5600312192049',12.99,'Paxis red blend',5,1,0,0),(1997,'Paxis Rose Blend',14,'5600312192278',8.25,'Paxis Rose Blend',5,1,0,0),(1998,'Vinha do Putto',12,'5600392560851',10,'Vinha do Putto',5,1,0,0),(1999,'Red Blend Portugal',14,'5604424429017',9.35,'Red Blend Portugal',5,1,0,0),(2000,'Cabriz Red Blend',12,'5604575110024',12.99,'Cabriz Red Blend',5,1,0,0),(2002,'Water Bottle, 17oz',12,'6006937135314',14.99,'Water Bottle, 17oz',1,NULL,0,0),(2003,'Hatch Valley Salsa, Med',12,'602050010871',4.99,'Hatch Valley Salsa, Med',4,NULL,1,0),(2004,'Chronic Cellars, Suite Petite',12,'603012005065',18.99,'Chronic Cellars, Suite Petite',5,1,0,0),(2005,'Chronic Cellars purple Paradise',12,'603012005089',19.99,'Chronic Cellars purple Paradise',5,1,0,0),(2006,'Red cat',12,'605330000135',14.99,'Red cat',5,1,0,0),(2007,'Old Speckled Hen English Ale 4 Pack',12,'605800000184',12.99,'Old Speckled Hen English Ale 4 Pack',6,4,0,0),(2008,'Gancia Brachetto D\'Acqui',12,'606508024175',12.99,'Gancia Brachetto D\'Acqui',5,1,0,0),(2009,'Fritz de Katz Reisling',12,'607054120090',11.99,'Fritz de Katz Reisling',5,1,0,0),(2010,'Sweet Bitch Moscato Rose Bubbly',12,'607054492319',14.99,'Sweet Bitch Moscato Rose Bubbly',5,1,0,0),(2011,'Hobgoblin English Ale 4 Pack',12,'608359005006',10.99,'Hobgoblin English Ale 4 Pack',6,4,0,0),(2012,'1921 Blanco Tequila',12,'608604000015',49.99,'1921 Blanco Tequila',7,1,0,0),(2013,'Bottle Chees server',12,'608814252396',11.99,'Bottle Chees server',1,NULL,0,0),(2014,'Bottle Chees server',12,'608814263491',11.99,'Bottle Chees server',1,NULL,0,0),(2015,'Are de Medeiros',11,'609465862835',9,'Are de Medeiros',5,1,0,0),(2016,'Donostia Extra Virgin Olive Oil',12,'609503707012',9.99,'Donostia Extra Virgin Olive Oil',4,NULL,1,0),(2017,'Red Bull 12oz',12,'611269818994',3.75,'Red Bull 12oz',15,1,0,0),(2018,'Bottle Bag, Natural',12,'612933936006',1.99,'Bottle Bag, Natural',1,NULL,0,0),(2019,'Coin Purse',21,'613153784279',1.5,'Coin Purse',1,NULL,0,0),(2020,'Dirty Martini Mix',12,'613961908027',5.99,'Dirty Martini Mix',4,NULL,1,0),(2021,'New Holland Dragon\'s Milk Stout 4 pack',12,'614036124113',16.99,'New Holland Dragon\'s Milk Stout 4 pack',6,4,0,0),(2022,'Gift Bag',12,'614577332824',2.99,'Gift Bag',1,NULL,0,0),(2023,'ZingZang 6 pack',12,'616003559928',11.99,'ZingZang 6 pack',4,6,1,0),(2024,'ZingZang Bloody Mary Mix',12,'616003814225',5.5,'ZingZang Bloody Mary Mix',4,NULL,1,0),(2025,'Tito\'s Vodka 1 L',12,'619947000013',26.56,'Tito\'s Vodka 1 L',7,1,0,0),(2026,'Tito\'s Vodka 1.75 L',12,'619947000037',39.88,'Tito\'s Vodka 1.75 L',7,1,0,0),(2027,'Titos 375ml',18,'619947000051',8.63,'Titos 375ml',7,NULL,0,0),(2028,'Tito\'s Vodka 50ml',12,'619947000068',2.5,'Tito\'s Vodka 50ml',7,NULL,0,0),(2029,'Stolichnaya Stoli Razberi 1 L',12,'6277551020441',34.54,'Stolichnaya Stoli Razberi 1 L',7,1,0,0),(2030,'Art Glass Bottle Stopper 2pc',12,'630613026601',17.99,'Art Glass Bottle Stopper 2pc',1,NULL,0,0),(2031,'Wine Stopper, Art Glass',12,'630613029602',9.95,'Wine Stopper, Art Glass',1,NULL,0,0),(2032,'Bordeaux Wine Aerator',12,'630613030844',10.99,'Bordeaux Wine Aerator',1,NULL,0,0),(2033,'Cheese Knife, Alligator',12,'630613033036',1,'Cheese Knife, Alligator',1,NULL,0,0),(2034,'Wine Stopper, Crystal',12,'630613034132',14.99,'Wine Stopper, Crystal',1,NULL,0,0),(2035,'wine stopper',12,'630613034460',9.99,'wine stopper',1,NULL,0,0),(2036,'Wine Bottle Stopper, Destinations',12,'630613035344',9.99,'Wine Bottle Stopper, Destinations',1,NULL,0,0),(2037,'Santa Margherita Pinot Grigio 375 mL',12,'632987200052',18.99,'Santa Margherita Pinot Grigio 375 mL',5,1,0,0),(2038,'Santa Margherita Pinot Grigio 2018',19,'632987200205',19.5,'Santa Margherita Pinot Grigio 2018',5,1,0,0),(2039,'Mikes Harder Strawberry',12,'635985132196',1.99,'Mikes Harder Strawberry',6,NULL,0,0),(2040,'Mike\'s Harder Lemonade',12,'635985258759',1.99,'Mike\'s Harder Lemonade',6,1,0,0),(2041,'White Claw Variety 12-Pack',17,'635985548904',14,'White Claw Variety 12-Pack',6,NULL,0,0),(2042,'Dogfish Head Burton Baton',12,'638489000671',16.8,'Dogfish Head Burton Baton',6,4,0,0),(2043,'Dogfish Head Burton Baton 4 Pack',12,'638489000695',16.8,'Dogfish Head Burton Baton 4 Pack',6,4,0,0),(2044,'Mini Solo Shot Cups',21,'639277009531',1.5,'Mini Solo Shot Cups',1,NULL,0,0),(2045,'Glow Play, Blue',12,'639277057167',1.99,'Glow Play, Blue',1,NULL,0,0),(2046,'Glow Play, Pink',12,'639277057181',1.99,'Glow Play, Pink',1,NULL,0,0),(2047,'Glow Play, Purple',12,'639277057228',1.99,'Glow Play, Purple',1,NULL,0,0),(2048,'Glow Play, variety',12,'639277057273',1.99,'Glow Play, variety',1,NULL,0,0),(2049,'Bottle Pours 2 Pack',12,'639277104410',4.99,'Bottle Pours 2 Pack',1,NULL,0,0),(2050,'Candle, 60 count',12,'639277122360',2.99,'Candle, 60 count',1,NULL,0,0),(2051,'Napkins',12,'639277139245',2.99,'Napkins',1,NULL,0,0),(2052,'Water\'s Corkscrew',12,'639277161529',8.99,'Water\'s Corkscrew',1,NULL,0,0),(2053,'Gift Bag',12,'639277169457',3.99,'Gift Bag',1,NULL,0,0),(2054,'Home Store Kitchen Towel',12,'639277208804',2.99,'Home Store Kitchen Towel',1,NULL,0,0),(2055,'Portable wine Glass',12,'639277217066',3.99,'Portable wine Glass',1,NULL,0,0),(2056,'Goofy String',12,'639277232557',2.49,'Goofy String',1,NULL,0,0),(2057,'Goofy String',12,'639277232571',2.49,'Goofy String',1,NULL,0,0),(2058,'Coffee Stirrers 250 cnt',12,'639277237644',2.99,'Coffee Stirrers 250 cnt',1,NULL,0,0),(2059,'Pasta & Pizza Seasoning',12,'639277300904',3.99,'Pasta & Pizza Seasoning',4,NULL,1,0),(2060,'Glow wand, Avengers',12,'639277304261',1.99,'Glow wand, Avengers',1,NULL,0,0),(2061,'Wrapping paper',12,'639277304452',2.99,'Wrapping paper',1,NULL,0,0),(2062,'Wraping paper',12,'639277338952',2.99,'Wraping paper',1,NULL,0,0),(2063,'Glow Play Bracelets 20 pcs',12,'639277355348',2.99,'Glow Play Bracelets 20 pcs',1,NULL,0,0),(2064,'Glow Play Bracelets 20 pcs',12,'639277355362',2.99,'Glow Play Bracelets 20 pcs',1,NULL,0,0),(2065,'Fairy Doll',12,'639277373946',2.99,'Fairy Doll',1,NULL,0,0),(2066,'Fake Mustaches',12,'639277374400',2.99,'Fake Mustaches',1,NULL,0,0),(2067,'Coin Purse',12,'639277400987',3.99,'Coin Purse',1,NULL,0,0),(2068,'Pony Toy',21,'639277403551',1.5,'Pony Toy',1,NULL,0,0),(2069,'Mermaid Sirene',21,'639277403735',1.5,'Mermaid Sirene',1,NULL,0,0),(2070,'Growing Crystals',21,'639277443137',1.5,'Growing Crystals',1,NULL,0,0),(2071,'Emoticon',12,'639277483867',2.99,'Emoticon',1,NULL,0,0),(2072,'Silly Sound Phone',21,'639277499769',1.5,'Silly Sound Phone',1,NULL,0,0),(2073,'Unicorn Headband',21,'639277527769',1.5,'Unicorn Headband',1,NULL,0,0),(2074,'Gift Bag',12,'639277532985',4.99,'Gift Bag',1,NULL,0,0),(2075,'Marshmallow Unicorn Poop',12,'639277533159',1.25,'Marshmallow Unicorn Poop',2,NULL,0,0),(2076,'Gift Bag',12,'639277542045',1.99,'Gift Bag',1,NULL,0,0),(2077,'Lap Leaders',12,'639277578648',2.99,'Lap Leaders',1,NULL,0,0),(2078,'Poo Doo',21,'639277578952',1.5,'Poo Doo',1,NULL,0,0),(2079,'Poo Doo Toy',21,'639277580283',1.5,'Poo Doo Toy',1,NULL,0,0),(2080,'Foam Plane',12,'639277628954',2.99,'Foam Plane',1,NULL,0,0),(2081,'Ninja Wall Crawler',21,'639277630278',1.5,'Ninja Wall Crawler',1,NULL,0,0),(2082,'Cocktail cutting board, Bamboo',12,'639277647412',2.99,'Cocktail cutting board, Bamboo',1,NULL,0,0),(2083,'Poo Head Squirter',21,'639277665553',1.5,'Poo Head Squirter',1,NULL,0,0),(2084,'Long Flex Straws',21,'639277666062',1.5,'Long Flex Straws',1,NULL,0,0),(2085,'Grad gift, 2019',12,'639277669827',2.99,'Grad gift, 2019',1,NULL,0,0),(2086,'Sticky Hands Toy',21,'639277726711',1.5,'Sticky Hands Toy',1,NULL,0,0),(2087,'Gift Bag',12,'639277735461',3.99,'Gift Bag',1,NULL,0,0),(2088,'Champagne Flutes, 2pc',12,'639277741516',3.99,'Champagne Flutes, 2pc',1,NULL,0,0),(2089,'Toy Pony',21,'639277744678',1.5,'Toy Pony',1,NULL,0,0),(2090,'Troll Hair Toy',21,'639277745095',1.5,'Troll Hair Toy',1,NULL,0,0),(2091,'Gift Bag',12,'639277748256',2.99,'Gift Bag',1,NULL,0,0),(2092,'Gift Bag',12,'639277754684',2.99,'Gift Bag',1,NULL,0,0),(2093,'Glow in the Dark Latern',12,'639277756350',2.99,'Glow in the Dark Latern',1,NULL,0,0),(2094,'Hot Glasses 24 pack',12,'639277779144',2.89,'Hot Glasses 24 pack',1,NULL,0,0),(2095,'Tea, Apple Spice',12,'639277780515',2.99,'Tea, Apple Spice',4,NULL,1,0),(2096,'Unicaorn Ooze',12,'639277816627',1.25,'Unicaorn Ooze',1,NULL,0,0),(2097,'Non-spill cup',12,'639277900746',6.99,'Non-spill cup',1,NULL,0,0),(2098,'Birthday Candles',12,'639277962447',3.99,'Birthday Candles',1,NULL,0,0),(2099,'Buchanan House Buggy Ride',12,'640626903646',10,'Buchanan House Buggy Ride',5,1,0,0),(2100,'Buchanan House Frontenac',7,'640626903653',9.75,'Buchanan House Frontenac',5,1,0,0),(2101,'Buchanan House Miss Sarah',12,'640626903677',10,'Buchanan House Miss Sarah',5,1,0,0),(2102,'Buchanan House white',12,'640626903905',14.75,'Buchanan House white',5,1,0,0),(2103,'Buchanan House Marquette Reserve',12,'640626903929',15.99,'Buchanan House Marquette Reserve',5,1,0,0),(2104,'Buchanan House Lazy Afternoon',12,'640626904209',9.99,'Buchanan House Lazy Afternoon',5,1,0,0),(2105,'Buchanan House Red Field Blend',21,'640626904230',7,'Buchanan House Red Field Blend',5,1,0,0),(2106,'Buchanan House Red',7,'640626904452',9,'Buchanan House Red',5,1,0,0),(2107,'Grand Marnier Mini 50ml',2,'649188900360',2.56,'Grand Marnier Mini 50ml',7,NULL,0,0),(2108,'Grand Marnier 1 L',12,'649188900483',49.96,'Grand Marnier 1 L',7,1,0,0),(2109,'Seven deadly sins Zinfandel',12,'652935100012',18.99,'Seven deadly sins Zinfandel',5,1,0,0),(2110,'Earthquake Cabernet Sauvignon',12,'652935100067',29.99,'Earthquake Cabernet Sauvignon',5,1,0,0),(2111,'6th Sense Syrah',12,'652935100098',16.99,'6th Sense Syrah',5,1,0,0),(2112,'GooZooka',21,'653899766955',1.5,'GooZooka',1,NULL,0,0),(2113,'Mrs. Fields Chocolate Chip Cookies',12,'655956008220',1.5,'Mrs. Fields Chocolate Chip Cookies',2,NULL,0,0),(2114,'Troublemaker Red Blend',13,'657891702423',10,'Troublemaker Red Blend',5,1,0,0),(2115,'Treana Paso Robles Cabernet 2016',13,'657891716147',20,'Treana Paso Robles Cabernet 2016',5,1,0,0),(2116,'LaPanzanella Mini Rosemary Croccantini',16,'659000406000',3.37,'LaPanzanella Mini Rosemary Croccantini',2,NULL,0,0),(2117,'Remake it Wine Cork Trivet',12,'659549214098',12.99,'Remake it Wine Cork Trivet',1,NULL,0,0),(2118,'Figuiere Le Saint Andre Vermentino 2016',14,'659760090112',9.5,'Figuiere Le Saint Andre Vermentino 2016',5,1,0,0),(2119,'Campus Oaks',12,'659994001205',14.99,'Campus Oaks',5,1,0,0),(2120,'Bamboo Cocktail picks 75ct',12,'661371903729',3.99,'Bamboo Cocktail picks 75ct',1,NULL,0,0),(2121,'Gift Bag',12,'661526575771',2.99,'Gift Bag',1,NULL,0,0),(2122,'Beach House rose',12,'663194000951',10.99,'Beach House rose',5,1,0,0),(2123,'Zoe Greek Dry',11,'663997000257',13.99,'Zoe Greek Dry',5,1,0,0),(2124,'Merry Irish Cream gift Boc',12,'665203200604',19.99,'Merry Irish Cream gift Boc',7,1,0,0),(2125,'wine Glass and Dog Stopper',12,'665613272055',14.99,'wine Glass and Dog Stopper',1,NULL,0,0),(2126,'Catena Vista Flores Malbec 2016 Mendoza',13,'667528048336',13.5,'Catena Vista Flores Malbec 2016 Mendoza',5,1,0,0),(2127,'Body lotion, Vineyard Kiss',12,'667539047878',11.99,'Body lotion, Vineyard Kiss',1,NULL,0,0),(2128,'Paraduxx Red Wine',12,'669576018682',44.99,'Paraduxx Red Wine',5,1,0,0),(2129,'Duckhorn Napa Valley Merlot 2014',12,'669576019283',53.99,'Duckhorn Napa Valley Merlot 2014',5,1,0,0),(2130,'Canvasback Cabernet Sauvignon',12,'669576040003',36.99,'Canvasback Cabernet Sauvignon',5,1,0,0),(2131,'Don Julio Reposado Tequila',12,'674545000414',62.99,'Don Julio Reposado Tequila',7,1,0,0),(2132,'Finca Luzon',12,'678801000040',11.99,'Finca Luzon',5,1,0,0),(2133,'Zinzilla',12,'681416803005',15.99,'Zinzilla',5,1,0,0),(2134,'Hammered Moscow Mule Mug',12,'682833608419',14.99,'Hammered Moscow Mule Mug',1,NULL,0,0),(2135,'Rare Red Blend',12,'684586204085',11.99,'Rare Red Blend',5,1,0,0),(2136,'Johny Bootlegger, Raspberry',12,'684746355107',3.99,'Johny Bootlegger, Raspberry',7,NULL,0,0),(2137,'Ardeche',13,'6861100109',8,'Ardeche',5,1,0,0),(2138,'Manzanita Creek Zinfandel',12,'689076851343',20.99,'Manzanita Creek Zinfandel',5,1,0,0),(2139,'Kim Crawford Sauvignon Blanc',19,'689352009611',16.8,'Kim Crawford Sauvignon Blanc',5,1,0,0),(2140,'Magellan Gin',12,'689768903008',35.99,'Magellan Gin',7,1,0,0),(2141,'Craggy Ridge Pinot Noir',12,'690300550611',44.99,'Craggy Ridge Pinot Noir',5,1,0,0),(2142,'Glo 6\" Light Stick',12,'6932373166035',1.79,'Glo 6\" Light Stick',1,NULL,0,0),(2143,'Thomas George Pinot Noir',12,'696859158995',37.99,'Thomas George Pinot Noir',5,1,0,0),(2144,'Wine Botle Pepper Grinder',12,'698617500398',18.99,'Wine Botle Pepper Grinder',1,NULL,0,0),(2145,'Mural Red Blend',12,'698843003052',13.99,'Mural Red Blend',5,1,0,0),(2146,'Portal Tawny Porto',12,'698843131014',24.99,'Portal Tawny Porto',5,1,0,0),(2147,'Portal Ruby Porto',12,'698843133018',23.99,'Portal Ruby Porto',5,1,0,0),(2148,'Funny Faces Sticker Book',12,'699284101567',1.99,'Funny Faces Sticker Book',1,NULL,0,0),(2149,'Moose Drool Brown Ale 6 Pack',12,'700283010030',10.25,'Moose Drool Brown Ale 6 Pack',6,6,0,0),(2150,'Gruet Brut',12,'701253002000',19.99,'Gruet Brut',5,1,0,0),(2151,'Gruet Demi sec Sparking Wine 375 mL',12,'701253004011',12.99,'Gruet Demi sec Sparking Wine 375 mL',5,1,0,0),(2152,'Gruet Brut Rose',12,'701253006008',20.99,'Gruet Brut Rose',5,1,0,0),(2153,'Willamette Valley Pinot Gris',13,'7071919703',12,'Willamette Valley Pinot Gris',5,1,0,0),(2154,'Blue Nun Riesling',12,'707596001021',11.55,'Blue Nun Riesling',5,1,0,0),(2155,'Lassegue Saint Emilion Grand Cru',12,'709793000111',79.99,'Lassegue Saint Emilion Grand Cru',5,1,0,0),(2156,'Sharper Image Bar Cutting Board',12,'709996760966',6.99,'Sharper Image Bar Cutting Board',1,NULL,0,0),(2157,'Stonewall Strawberry Jam',12,'711381000663',5.99,'Stonewall Strawberry Jam',4,NULL,1,0),(2158,'Freshies Bloody Mary Mix Original',12,'713035087501',6,'Freshies Bloody Mary Mix Original',2,NULL,0,0),(2159,'Freshies Peach-Mango',12,'713035087556',8.99,'Freshies Peach-Mango',4,NULL,1,0),(2160,'Freshies Tangerita',12,'713035087617',7.99,'Freshies Tangerita',4,NULL,1,0),(2161,'Spicy Red Picante',12,'713035142637',4.99,'Spicy Red Picante',4,NULL,1,0),(2162,'Carlson GSM',12,'714119800009',26.99,'Carlson GSM',5,1,0,0),(2163,'Willamette Valley Whole Cluster Pinot Noir',12,'717071911714',21.99,'Willamette Valley Whole Cluster Pinot Noir',5,1,0,0),(2164,'Willamette Valley Pinot Gris',12,'717071919703',17.99,'Willamette Valley Pinot Gris',5,1,0,0),(2165,'1895 Coleccion Malbec',12,'717888790120',11.99,'1895 Coleccion Malbec',5,1,0,0),(2166,'Fess Parker Riesling',12,'718038555743',13.99,'Fess Parker Riesling',5,1,0,0),(2167,'Wine Wipes',12,'718122165384',5.99,'Wine Wipes',1,NULL,0,0),(2168,'Trio Pouch Set',12,'718540481158',19.99,'Trio Pouch Set',1,NULL,0,0),(2169,'5-Hour Energy, Extra Strength',12,'719410720018',2.89,'5-Hour Energy, Extra Strength',2,NULL,0,0),(2170,'India Ink Red Blend',12,'720815150225',20.99,'India Ink Red Blend',5,1,0,0),(2171,'Templeton Rye Whiskey',12,'720815920101',42.99,'Templeton Rye Whiskey',7,1,0,0),(2172,'Templeton Rye Barrel Strength',12,'720815921030',59.99,'Templeton Rye Barrel Strength',7,NULL,0,0),(2173,'Corralejo Reposado Tequila',12,'720815930131',31.99,'Corralejo Reposado Tequila',7,1,0,0),(2174,'Seagrams Watermelon Vodka 50ml',12,'720815980402',1.75,'Seagrams Watermelon Vodka 50ml',7,NULL,0,0),(2175,'Mini Smirnoff Lime',2,'720815981201',1.25,'Mini Smirnoff Lime',7,NULL,0,0),(2176,'Seagram\'s Vodka 1.75 L',12,'720815986046',20.99,'Seagram\'s Vodka 1.75 L',7,1,0,0),(2177,'Aperol',12,'721059001311',26.99,'Aperol',7,NULL,0,0),(2178,'Appleton Estate Signature Blend Rum',12,'721059001502',23.05,'Appleton Estate Signature Blend Rum',7,1,0,0),(2179,'Wild Turkey Longbranch',12,'721059002844',42,'Wild Turkey Longbranch',7,1,0,0),(2180,'Campari',12,'721059047500',30.99,'Campari',7,NULL,0,0),(2181,'Frangelico Liqueur',12,'721059987509',31.45,'Frangelico Liqueur',7,1,0,0),(2182,'Gosling Black Seal Rum',12,'721094199059',20.99,'Gosling Black Seal Rum',7,1,0,0),(2183,'L\'Ecole Chenin Blanc',12,'721354890023',15.99,'L\'Ecole Chenin Blanc',5,1,0,0),(2184,'Patron Silver Tequila',12,'721733000029',57.7,'Patron Silver Tequila',7,1,0,0),(2185,'Patron Silver Tequila 50ml',12,'721733000234',5,'Patron Silver Tequila 50ml',7,NULL,0,0),(2186,'Patron Rainbow 3-Pack',2,'721733000241',15.38,'Patron Rainbow 3-Pack',7,NULL,0,0),(2187,'Pop Rocks 3 Pack',12,'721874009905',1.25,'Pop Rocks 3 Pack',2,NULL,0,0),(2188,'90 Shilling ODell Brewing COmpany',19,'722160222534',8.25,'90 Shilling ODell Brewing COmpany',6,NULL,0,0),(2189,'Demitris bloody Mary Seasoning Extra Horshradish',12,'722782477855',8.99,'Demitris bloody Mary Seasoning Extra Horshradish',4,NULL,1,0),(2190,'Lagunitas IPA',17,'723830000094',7.25,'Lagunitas IPA',6,NULL,0,0),(2191,'J Cuvee 20',12,'724624114010',36.99,'J Cuvee 20',5,1,0,0),(2192,'Boulevard Unfiltered Wheat Beer',12,'726959901204',12.99,'Boulevard Unfiltered Wheat Beer',6,6,0,0),(2193,'Dark Truth Imperial Stout',12,'726959909774',10.99,'Dark Truth Imperial Stout',6,6,0,0),(2194,'Boulevard Space Camper',12,'726959911074',10.99,'Boulevard Space Camper',6,NULL,0,0),(2195,'Mionetto Lambrusco',12,'727760501331',8.99,'Mionetto Lambrusco',5,1,0,0),(2196,'Cherry Bomb Blonde 4 Pack',12,'728028438239',10.99,'Cherry Bomb Blonde 4 Pack',6,4,0,0),(2197,'Tank Puncher IPA 6 pack',12,'728028451535',9,'Tank Puncher IPA 6 pack',6,6,0,0),(2198,'Amstel Light',12,'7289848',1.99,'Amstel Light',6,1,0,0),(2199,'Fred Wine Lines, Subtle',12,'728987012785',10.99,'Fred Wine Lines, Subtle',1,NULL,0,0),(2200,'Fred Wine Lines, Sturdy',12,'728987012792',10.99,'Fred Wine Lines, Sturdy',1,NULL,0,0),(2201,'Zocker gruner Veltliner',12,'730429851104',15.99,'Zocker gruner Veltliner',5,1,0,0),(2202,'Saintsbury',12,'732458960970',14.99,'Saintsbury',5,1,0,0),(2203,'Chateau Montelena Chardonnay',12,'733555351326',49.99,'Chateau Montelena Chardonnay',5,1,0,0),(2204,'Justin Cabernet Sauvignon',12,'733952997103',25.99,'Justin Cabernet Sauvignon',5,1,0,0),(2205,'Nuvo Sparkling Liqueur',12,'736040506898',20.99,'Nuvo Sparkling Liqueur',7,1,0,0),(2206,'Passiomento',12,'736040532385',21.99,'Passiomento',5,1,0,0),(2207,'Roth Grand Cru Alpine-style Cheese',12,'736547566715',7.99,'Roth Grand Cru Alpine-style Cheese',4,NULL,1,0),(2208,'Poizin Zinfandel 2014',19,'736585222451',12,'Poizin Zinfandel 2014',5,1,0,0),(2209,'Goose 312 Wheat Ale single',12,'736920111815',2.99,'Goose 312 Wheat Ale single',6,1,0,0),(2210,'312 wheat Ale',1,'736920111822',10.99,'312 wheat Ale',6,6,0,0),(2211,'Aventinus Dobbelbock Ale',12,'737398018200',6.99,'Aventinus Dobbelbock Ale',6,1,0,0),(2212,'Christmas Ornament',12,'738449412657',4.99,'Christmas Ornament',1,NULL,0,0),(2213,'Christmas Ornament',12,'738449412978',4.99,'Christmas Ornament',1,NULL,0,0),(2214,'Vinderpants',12,'739048123272',10.99,'Vinderpants',1,NULL,0,0),(2215,'Wine Bottle Stopper',12,'739048123432',7.99,'Wine Bottle Stopper',1,NULL,0,0),(2216,'Googly Eyes Drink Markers',12,'739048123746',5.99,'Googly Eyes Drink Markers',1,NULL,0,0),(2217,'Narcissist Mints',12,'739048126679',4.75,'Narcissist Mints',4,NULL,1,0),(2218,'Gazella Vinho Verde',12,'739949010404',10.99,'Gazella Vinho Verde',5,1,0,0),(2219,'Silk & Spice Portugal Red Blend 2017',11,'739949026320',9.75,'Silk & Spice Portugal Red Blend 2017',5,1,0,0),(2220,'S\'well Insulated water bottle',12,'741360387737',35.99,'S\'well Insulated water bottle',1,NULL,0,0),(2221,'Ferrari Carano Fume Blanc',12,'742651123102',16.99,'Ferrari Carano Fume Blanc',5,1,0,0),(2222,'Amarone Della Valpolicella',12,'745163231006',39.99,'Amarone Della Valpolicella',5,1,0,0),(2223,'Gift Bag',12,'745402420024',2.99,'Gift Bag',1,NULL,0,0),(2224,'Gift Bag',12,'745402420031',1.99,'Gift Bag',1,NULL,0,0),(2225,'Lakefront New Grist Ginger Ale 6 Pack',12,'746546000783',10.99,'Lakefront New Grist Ginger Ale 6 Pack',6,6,0,0),(2226,'Marietta Old Vine Red',12,'746751687137',15.99,'Marietta Old Vine Red',5,1,0,0),(2227,'Napkins',12,'746851043956',3.99,'Napkins',1,NULL,0,0),(2228,'Wall Art',12,'746851219795',14.99,'Wall Art',1,NULL,0,0),(2229,'Benromach 10 YearScotch',12,'747020192413',55.99,'Benromach 10 YearScotch',7,1,0,0),(2230,'6 Piece Cheese Hosting Set',12,'747552300676',19.99,'6 Piece Cheese Hosting Set',1,NULL,0,0),(2231,'Wine Marker',12,'747585306126',5.99,'Wine Marker',1,NULL,0,0),(2232,'Petit chapeau Bordeaux',12,'747736472458',14.99,'Petit chapeau Bordeaux',5,1,0,0),(2233,'Hakutsuru Sake',12,'747846010144',13.99,'Hakutsuru Sake',5,1,0,0),(2234,'Wine Diamonds DVD',12,'748252054036',9.99,'Wine Diamonds DVD',1,NULL,0,0),(2235,'Saracco Moscoato D\'Atsi',12,'748789705012',17.99,'Saracco Moscoato D\'Atsi',5,1,0,0),(2236,'Enrico Serafino Gavi de Gavi 2017',11,'748789740136',13.5,'Enrico Serafino Gavi de Gavi 2017',5,1,0,0),(2237,'Gemware',12,'749258700101',7.99,'Gemware',1,NULL,0,0),(2238,'Cakebread Chardonnay',13,'749826763668',38,'Cakebread Chardonnay',5,1,0,0),(2239,'Don Nacho Extra Premium Tequila',12,'7502219450346',49.99,'Don Nacho Extra Premium Tequila',7,NULL,0,0),(2240,'Sotol Silver Tequila',12,'7503013018077',52.75,'Sotol Silver Tequila',7,1,0,0),(2241,'Cupreata Machetazo Mezcal',12,'7503018511207',48.99,'Cupreata Machetazo Mezcal',7,1,0,0),(2242,'Clean Slate',12,'750625653012',9.99,'Clean Slate',5,1,0,0),(2243,'Big Grove Summer Jam 4pack',12,'752830090583',7.5,'Big Grove Summer Jam 4pack',6,4,0,0),(2244,'Big Grove Easy Eddie',1,'752830090880',11.99,'Big Grove Easy Eddie',6,NULL,0,0),(2245,'Big Grove IPA',12,'752830777163',12.99,'Big Grove IPA',6,6,0,0),(2246,'FireSteed Riesling',12,'753526300009',12.99,'FireSteed Riesling',5,1,0,0),(2247,'Fat Tire',12,'754527000219',10.99,'Fat Tire',6,6,0,0),(2248,'Fat Tire 6 pack',12,'754527000226',10.5,'Fat Tire 6 pack',6,6,0,0),(2249,'Invitations',12,'755979145619',0.35,'Invitations',1,NULL,0,0),(2250,'Invitations',12,'755979145657',0.35,'Invitations',1,NULL,0,0),(2251,'Napkins',12,'758347909240',3.99,'Napkins',1,NULL,0,0),(2252,'Lion Bridge Compensation English Ale 6 pack',12,'758913883349',12.75,'Lion Bridge Compensation English Ale 6 pack',6,6,0,0),(2253,'Ball Buster, The',12,'760999989037',21.99,'Ball Buster, The',5,1,0,0),(2254,'Reuilly \"Les Pierre\'s Plates\"',12,'761503442444',19.99,'Reuilly \"Les Pierre\'s Plates\"',5,1,0,0),(2255,'Borsao Garnacha',12,'763159120035',11.99,'Borsao Garnacha',5,1,0,0),(2256,'Jubelale Winter Ale',12,'763176800019',1.99,'Jubelale Winter Ale',6,1,0,0),(2257,'Alvear',12,'766238809777',29.75,'Alvear',5,1,0,0),(2258,'Bottle Box',12,'767014303731',6.99,'Bottle Box',1,NULL,0,0),(2259,'Stump Jump GSM',12,'767749002275',12.99,'Stump Jump GSM',5,1,0,0),(2260,'The Stump Jump White',12,'767749002282',12.99,'The Stump Jump White',5,1,0,0),(2261,'Stump Jump Riesling',12,'767749002602',12.99,'Stump Jump Riesling',5,1,0,0),(2262,'Silver Palm Cabernet Sauvignon',12,'768035203000',20.99,'Silver Palm Cabernet Sauvignon',5,1,0,0),(2263,'Silver Palm Merlot',12,'768035203079',17.99,'Silver Palm Merlot',5,1,0,0),(2264,'King Estate Pinot Gris',12,'768675960127',20.99,'King Estate Pinot Gris',5,1,0,0),(2265,'Le Cigare Volant',12,'769434103267',35.75,'Le Cigare Volant',5,1,0,0),(2266,'Casa Rivas carmenerr',12,'7809558500245',14.99,'Casa Rivas carmenerr',5,1,0,0),(2267,'Antiyal chili red blend',12,'7809590500012',49.99,'Antiyal chili red blend',5,1,0,0),(2268,'On the Border Chips',12,'781138710176',5.99,'On the Border Chips',4,NULL,1,0),(2269,'Choya Umeshu plum wine',12,'781682114024',15.99,'Choya Umeshu plum wine',5,1,0,0),(2270,'Cat Bottle Reisling',12,'784255600085',15.99,'Cat Bottle Reisling',5,1,0,0),(2271,'Moselland Arsvitis Riesling',12,'784255600092',15.75,'Moselland Arsvitis Riesling',5,1,0,0),(2272,'Book, White Wine for Dummies',12,'785555550117',12.99,'Book, White Wine for Dummies',1,NULL,0,0),(2273,'Book, Red wine for Dummies',12,'785555550124',14.99,'Book, Red wine for Dummies',1,NULL,0,0),(2274,'Book, Wine for Dummies',12,'785555862944',21.99,'Book, Wine for Dummies',1,NULL,0,0),(2275,'Stella Artois 6 Pack',1,'786150000014',10.5,'Stella Artois 6 Pack',6,6,0,0),(2276,'Stella Artois',12,'786150000021',42,'Stella Artois',6,NULL,0,0),(2277,'Stella Artois',12,'786150000052',10.5,'Stella Artois',6,6,0,0),(2278,'Leffe Blonde Ale 6 pack',12,'786150000304',10.99,'Leffe Blonde Ale 6 pack',6,6,0,0),(2279,'Heavy Weights Beer Bag',12,'786309131354',1.99,'Heavy Weights Beer Bag',1,NULL,0,0),(2280,'Winelight',12,'787812678909',10.99,'Winelight',1,NULL,0,0),(2281,'Yeti Imperial Stout',12,'790586130122',14.99,'Yeti Imperial Stout',6,NULL,0,0),(2282,'Fliptop Pourer',12,'79094726',3.75,'Fliptop Pourer',1,NULL,0,0),(2283,'Wine Bag',12,'790979130517',3.99,'Wine Bag',1,NULL,0,0),(2284,'Wine Tasting Party Kit',12,'790979190801',14.99,'Wine Tasting Party Kit',1,NULL,0,0),(2285,'Double Hinge Corkscrew',12,'790979264922',9.99,'Double Hinge Corkscrew',1,NULL,0,0),(2286,'Pourer',21,'790979266582',2,'Pourer',1,NULL,0,0),(2287,'Our Daily Red',13,'791784901736',9.99,'Our Daily Red',5,1,0,0),(2288,'Brady Vineyards Petite Sirah',12,'793573145239',23.99,'Brady Vineyards Petite Sirah',5,1,0,0),(2289,'Roller Dam Red 4 Pack',12,'793573765147',13.99,'Roller Dam Red 4 Pack',6,4,0,0),(2290,'Left Hand Milk Stout 6 pack',12,'793866360028',10.99,'Left Hand Milk Stout 6 pack',6,6,0,0),(2291,'Koko Brown',12,'796030314995',10.99,'Koko Brown',6,NULL,0,0),(2292,'The Other White Blend',12,'796238020018',13.99,'The Other White Blend',5,1,0,0),(2293,'Book, Wine with CD',12,'797307137309',12.99,'Book, Wine with CD',1,NULL,0,0),(2294,'Wine Journal (Purple)',12,'797307151602',2,'Wine Journal (Purple)',1,NULL,0,0),(2295,'Cards, Wines of world',12,'797307151701',2.99,'Cards, Wines of world',1,NULL,0,0),(2296,'Hat, Weekend',12,'797642747676',11.99,'Hat, Weekend',1,NULL,0,0),(2297,'Scout\'s Honor',12,'798304041934',38.99,'Scout\'s Honor',5,1,0,0),(2298,'Ace Pearry hard Cider',1,'798449002111',9,'Ace Pearry hard Cider',6,NULL,0,0),(2299,'Ace Pineapple Cider',1,'798449008113',9.42,'Ace Pineapple Cider',6,NULL,0,0),(2300,'Gift Bag',12,'799227263694',2.99,'Gift Bag',1,NULL,0,0),(2301,'DeLille D2 Red',21,'799419020128',35,'DeLille D2 Red',5,1,0,0),(2302,'Benvolio Pinot Grigio Fruili Italy 2017',13,'799987003004',9,'Benvolio Pinot Grigio Fruili Italy 2017',5,1,0,0),(2303,'Giancarlo Montepulciano',12,'8000128193020',11.99,'Giancarlo Montepulciano',5,1,0,0),(2304,'Bormioli Limoncino Glass 3 pcs',12,'8004360025309',12.99,'Bormioli Limoncino Glass 3 pcs',1,NULL,0,0),(2305,'UV Blue Vodka 1 L',12,'8007776074473',16.75,'UV Blue Vodka 1 L',7,1,0,0),(2306,'Stefano Farina Moscato d\'Asti',12,'8008366221789',15.99,'Stefano Farina Moscato d\'Asti',5,1,0,0),(2307,'Alasia',12,'8010471000586',13.99,'Alasia',5,1,0,0),(2308,'Ranieri Grape Seed Oil',12,'8018154004296',9.99,'Ranieri Grape Seed Oil',4,NULL,1,0),(2309,'Barone di Valforte Montepulciano',12,'8033413001090',16.99,'Barone di Valforte Montepulciano',5,1,0,0),(2310,'Le Monde',12,'8034013470064',19.99,'Le Monde',5,1,0,0),(2311,'Beer Chiller',21,'804879436676',18.99,'Beer Chiller',1,NULL,0,0),(2312,'Book End',12,'805572120503',12.99,'Book End',1,NULL,0,0),(2313,'Bottle Bag',12,'806008662321',1.75,'Bottle Bag',1,NULL,0,0),(2314,'Altos Las Hormigas Mendoza Malbec',12,'806145000109',79.99,'Altos Las Hormigas Mendoza Malbec',5,1,0,0),(2315,'Corona Extra Lager single',12,'8066145',2.99,'Corona Extra Lager single',6,1,0,0),(2316,'Wall Art',12,'807472051567',27.99,'Wall Art',1,NULL,0,0),(2317,'Decorative Wine Cover',12,'808990027720',3.99,'Decorative Wine Cover',1,NULL,0,0),(2318,'Pseudo Sue Pale',12,'810458030647',3.99,'Pseudo Sue Pale',6,1,0,0),(2319,'Richard Grant Pinot Noir',12,'81050031',32.99,'Richard Grant Pinot Noir',5,1,0,0),(2320,'Nautica',21,'810537021153',15,'Nautica',5,1,0,0),(2321,'Exile Bohemian Fruit Revue Sour Ale',12,'810631030020',10.99,'Exile Bohemian Fruit Revue Sour Ale',6,6,0,0),(2322,'Van Ruiten Pinot Grigio',12,'810845004008',13.99,'Van Ruiten Pinot Grigio',5,1,0,0),(2323,'Van Ruiten Shiraz',12,'810845005364',24.99,'Van Ruiten Shiraz',5,1,0,0),(2324,'Charles Baur Cremant D\'Alsace',6,'811416001808',14.5,'Charles Baur Cremant D\'Alsace',5,1,0,0),(2325,'Baur Alsace Riesling 2015',6,'811416007022',13,'Baur Alsace Riesling 2015',5,1,0,0),(2326,'1800 Silver Mini 50ml',2,'811538010115',3.51,'1800 Silver Mini 50ml',7,NULL,0,0),(2327,'1800 Reposado Tequila',12,'811538010238',33.47,'1800 Reposado Tequila',7,1,0,0),(2328,'Jose Cuervo Especial 1 L',12,'811538010801',28.3,'Jose Cuervo Especial 1 L',7,1,0,0),(2329,'Jose Cuervo Silver 1 L',12,'811538010825',28.3,'Jose Cuervo Silver 1 L',7,1,0,0),(2330,'jose Cuervo Silver 750ml',2,'811538010856',17.11,'jose Cuervo Silver 750ml',7,NULL,0,0),(2331,'Jose Cuervo Gold 50ml',12,'811538010948',2.75,'Jose Cuervo Gold 50ml',7,NULL,0,0),(2332,'Jose Cuervo Golden Margarita 1.75 L',12,'811538010962',24.18,'Jose Cuervo Golden Margarita 1.75 L',7,1,0,0),(2333,'Jose Cuervo Margarita Mix 1Liter',2,'811538011211',3.5,'Jose Cuervo Margarita Mix 1Liter',2,NULL,0,0),(2334,'Tin Cup Whiskey',12,'811538011877',28.99,'Tin Cup Whiskey',7,1,0,0),(2335,'Jose Cuervo Coconut-Pineapple Marharita',12,'811538012836',19.99,'Jose Cuervo Coconut-Pineapple Marharita',7,1,0,0),(2336,'Jose Cuervo',12,'811538013307',9.99,'Jose Cuervo',6,4,0,0),(2337,'Bushmills Irish Whiskey',2,'811538016155',26.88,'Bushmills Irish Whiskey',7,NULL,0,0),(2338,'Bushmills Irish Whiskey 750ml',18,'811538016162',21.75,'Bushmills Irish Whiskey 750ml',7,NULL,0,0),(2339,'1800 Watermelon Margarita 1.75 L',12,'811538016445',20.99,'1800 Watermelon Margarita 1.75 L',7,1,0,0),(2340,'Jose Cuervo Rose Margarita 1.75 L',12,'811538018760',24.99,'Jose Cuervo Rose Margarita 1.75 L',5,1,0,0),(2341,'1800 Ultimate Margarita',2,'811538019156',16.06,'1800 Ultimate Margarita',7,NULL,0,0),(2342,'Stoli Razberi 1 Liter',2,'811751020441',25,'Stoli Razberi 1 Liter',7,NULL,0,0),(2343,'Stoli Mini Lime Vodka 50ml',18,'811751022896',1.2,'Stoli Mini Lime Vodka 50ml',7,NULL,0,0),(2344,'Macallan 12 Year Double Cask',12,'812066021598',66.99,'Macallan 12 Year Double Cask',7,1,0,0),(2345,'Bird Dog Peach Whiskey 50ml',12,'812459010697',1.89,'Bird Dog Peach Whiskey 50ml',7,NULL,0,0),(2346,'Bird Dog Peach Whiskey',18,'812459014251',16,'Bird Dog Peach Whiskey',7,NULL,0,0),(2347,'Olli Genoa Mild Salame',12,'813039020204',2.99,'Olli Genoa Mild Salame',4,NULL,1,0),(2348,'Wine Glass, Therapy',12,'813293024048',2.99,'Wine Glass, Therapy',6,NULL,0,0),(2349,'Beer Glass',12,'813293024642',2.99,'Beer Glass',1,NULL,0,0),(2350,'Wine Glass, Breakfast',12,'813293026066',2.99,'Wine Glass, Breakfast',1,NULL,0,0),(2351,'Shot Glass',12,'813293026721',2.99,'Shot Glass',1,NULL,0,0),(2352,'Cody The Frog',12,'813387012548',4.99,'Cody The Frog',1,NULL,0,0),(2353,'Zorzal Gran Terroir Pinot Noir',12,'813495010771',22.99,'Zorzal Gran Terroir Pinot Noir',5,1,0,0),(2354,'Bumbu Rum',18,'813497006109',28.35,'Bumbu Rum',7,NULL,0,0),(2355,'Savvi Serve Shot Glass 50 ct',12,'813515010859',3.99,'Savvi Serve Shot Glass 50 ct',1,NULL,0,0),(2356,'Finca El Origen',12,'813942010552',14.99,'Finca El Origen',5,1,0,0),(2357,'Woozie',12,'814001019110',5.99,'Woozie',1,NULL,0,0),(2358,'Luna Sangiovese',12,'814617002001',20.99,'Luna Sangiovese',5,1,0,0),(2359,'Luna Merlot',12,'814617003008',20.99,'Luna Merlot',5,1,0,0),(2360,'Asylum Zin',12,'814617007037',16.99,'Asylum Zin',5,1,0,0),(2361,'Luna Cabernet Sauvignon',12,'814617009307',20.99,'Luna Cabernet Sauvignon',5,1,0,0),(2362,'Jefferson\'s Ocean Aged at Sea',2,'814794010646',63.75,'Jefferson\'s Ocean Aged at Sea',7,NULL,0,0),(2363,'Masi Brolo Campfiorin',12,'815132010083',49.99,'Masi Brolo Campfiorin',5,1,0,0),(2364,'Czechvar Lager',12,'815833002004',10.99,'Czechvar Lager',6,6,0,0),(2365,'Czechvar Lager 6 pack',12,'815833002028',10.99,'Czechvar Lager 6 pack',6,6,0,0),(2366,'EQ Pinot Noir',12,'815992010025',41.99,'EQ Pinot Noir',5,1,0,0),(2367,'EQ Sauvignon Blanc',12,'815992010070',16.99,'EQ Sauvignon Blanc',5,1,0,0),(2368,'The Corker Dessert Wine',14,'817421001093',8.997499,'The Corker Dessert Wine',5,1,0,0),(2369,'Smashberry Red Blend',12,'818013010257',13.99,'Smashberry Red Blend',5,1,0,0),(2370,'Smashberry white blend',12,'818013010448',13.99,'Smashberry white blend',5,1,0,0),(2371,'Terre Rouge Syrah',12,'8187114',39.99,'Terre Rouge Syrah',5,1,0,0),(2372,'Mosketto',12,'819046010122',12.5,'Mosketto',5,1,0,0),(2373,'Holy Grail Amber Ale',12,'819538005131',2.99,'Holy Grail Amber Ale',6,1,0,0),(2374,'Jeremiah Weed 1 L',12,'8220408',0,'Jeremiah Weed 1 L',7,1,0,0),(2375,'Book, Guide to Wine',12,'824921003540',12.99,'Book, Guide to Wine',1,NULL,0,0),(2376,'Balletto Syrah',12,'826498081600',29.99,'Balletto Syrah',5,1,0,0),(2377,'Robert Hall rose de Robles',12,'830949000126',9.99,'Robert Hall rose de Robles',5,1,0,0),(2378,'The Crusher Pinot Noir 2017',8,'833302001655',9,'The Crusher Pinot Noir 2017',5,1,0,0),(2379,'Big Smooth Zinfandel',12,'833302005363',16.99,'Big Smooth Zinfandel',5,1,0,0),(2380,'Big Smooth Cabernet Sauvignon',12,'833302005387',16.99,'Big Smooth Cabernet Sauvignon',5,1,0,0),(2381,'Absolute Vodka 50ml',12,'835229000001',2.99,'Absolute Vodka 50ml',3,NULL,0,0),(2382,'Absolut Vodka 375ml',18,'835229000209',7.79,'Absolut Vodka 375ml',7,NULL,0,0),(2383,'Absolute Vodka 1 L',12,'835229000407',32.49,'Absolute Vodka 1 L',7,1,0,0),(2384,'Absolute Wild Tea 50ml',12,'835229000742',2.99,'Absolute Wild Tea 50ml',7,NULL,0,0),(2385,'small vodka',12,'835229001039',2.99,'small vodka',7,NULL,0,0),(2386,'Absolut Citron 1 Liter',2,'835229001404',23.49,'Absolut Citron 1 Liter',7,NULL,0,0),(2387,'Absolut Mandrin Vodka 50ml',12,'835229002005',2.99,'Absolut Mandrin Vodka 50ml',7,NULL,0,0),(2388,'Glenfiddich 12 Year Scotch',12,'8361073',49.26,'Glenfiddich 12 Year Scotch',7,1,0,0),(2389,'Cigar Zinfandel',12,'839146005903',16.5,'Cigar Zinfandel',5,1,0,0),(2390,'Frescobaldi remole Toscana 2017',13,'839183000183',9.75,'Frescobaldi remole Toscana 2017',5,1,0,0),(2391,'Rhinestone Words',12,'840341541332',2.99,'Rhinestone Words',1,NULL,0,0),(2392,'Wine Journal',12,'840341660781',2.75,'Wine Journal',1,NULL,0,0),(2393,'Photo Album',12,'840663000579',2.99,'Photo Album',1,NULL,0,0),(2394,'Battle hill single malt Scotch 22 year',12,'841119013068',128.99,'Battle hill single malt Scotch 22 year',7,1,0,0),(2395,'Invitations',12,'841769098323',1.99,'Invitations',1,NULL,0,0),(2396,'Wine Journal',12,'841769098330',2.99,'Wine Journal',1,NULL,0,0),(2397,'Insulated Tote, 2 Bottle',12,'842094158119',4.99,'Insulated Tote, 2 Bottle',1,NULL,0,0),(2398,'Tremenda 2016',13,'8424671001265',9.92,'Tremenda 2016',5,1,0,0),(2399,'Trophy Bottle Opener',12,'843479150278',12.99,'Trophy Bottle Opener',1,NULL,0,0),(2400,'Pruno',12,'8437005373099',20.99,'Pruno',5,1,0,0),(2401,'Romanico Tempranillo',12,'8437010272318',16.99,'Romanico Tempranillo',5,1,0,0),(2402,'Garnacha de Fuego',12,'8437012538016',10.99,'Garnacha de Fuego',5,1,0,0),(2403,'Casa Santos El Goru Red Blend',14,'8437013527057',9,'Casa Santos El Goru Red Blend',5,1,0,0),(2404,'Harken Chardonnay 2018',13,'847159001812',9.75,'Harken Chardonnay 2018',5,1,0,0),(2405,'Tub, Oval Hammered',12,'848202000561',13.99,'Tub, Oval Hammered',1,NULL,0,0),(2406,'House Wine Chardonnay 375ml',12,'848375004564',6.99,'House Wine Chardonnay 375ml',5,1,0,0),(2407,'House wine Red Blend 375ml',12,'848375004588',6.99,'House wine Red Blend 375ml',5,1,0,0),(2408,'House wine Rose Bubbles 375ml',12,'848375004991',6.99,'House wine Rose Bubbles 375ml',5,1,0,0),(2409,'Crabbies Ginger Beer',19,'848557000001',8.75,'Crabbies Ginger Beer',6,NULL,0,0),(2410,'Crabbies Raspberry',19,'848557000094',9,'Crabbies Raspberry',6,NULL,0,0),(2411,'Shatter Grenache',19,'848656000018',18,'Shatter Grenache',5,1,0,0),(2412,'Angel\'s Envy Port Finished Bourbon',18,'850047003003',37.75,'Angel\'s Envy Port Finished Bourbon',7,NULL,0,0),(2413,'Domaine De Couron Cote du Rhone',12,'850189004005',14.99,'Domaine De Couron Cote du Rhone',5,1,0,0),(2414,'Hell Hound Red blend',12,'850432006022',23,'Hell Hound Red blend',5,1,0,0),(2415,'Sola Pinot Noir',12,'850440002849',15.5,'Sola Pinot Noir',5,1,0,0),(2416,'Book',12,'850440005208',3,'Book',1,NULL,0,0),(2417,'Glen Garioch',12,'850483000901',145.99,'Glen Garioch',7,1,0,0),(2418,'Exile Ruthie Gold Lager 6-pack',1,'850992005015',8,'Exile Ruthie Gold Lager 6-pack',6,NULL,0,0),(2419,'Exile Hannah Bavarian Wheat',12,'850992005039',1.99,'Exile Hannah Bavarian Wheat',6,1,0,0),(2420,'Exile Hannah Bavarian Wheat 6 Pack',12,'850992005046',10.99,'Exile Hannah Bavarian Wheat 6 Pack',6,6,0,0),(2421,'Exile Beatnik Sour Ale 6 pack',12,'850992005237',12.99,'Exile Beatnik Sour Ale 6 pack',6,6,0,0),(2422,'Fre Bru alcohol free',12,'8510527',13.99,'Fre Bru alcohol free',5,1,0,0),(2423,'Pisa Liqeur',12,'851066003661',27.99,'Pisa Liqeur',7,1,0,0),(2424,'Cristo Syrah',12,'851573001136',22.99,'Cristo Syrah',5,1,0,0),(2425,'White Wine Vinegar',12,'851609006012',3.99,'White Wine Vinegar',4,NULL,1,0),(2426,'Lucky Buddha Single Beer',1,'851626003001',1.75,'Lucky Buddha Single Beer',6,NULL,0,0),(2427,'Lucky Buddha 6 pack',19,'851626003018',11.99,'Lucky Buddha 6 pack',6,6,0,0),(2428,'Locations Italy',12,'851645004096',18.99,'Locations Italy',5,1,0,0),(2429,'Locations E',12,'851645004126',18.99,'Locations E',5,1,0,0),(2430,'Slices White Sangria',14,'851675003519',5.5,'Slices White Sangria',5,1,0,0),(2431,'Q Tonic Water 4-pack',16,'851694003606',3.96,'Q Tonic Water 4-pack',2,NULL,0,0),(2432,'Butternut',19,'851919004005',12,'Butternut',5,1,0,0),(2433,'Richard Grant Pinot Noir',12,'852024001828',42,'Richard Grant Pinot Noir',5,1,0,0),(2434,'Ammunition Chardonnay',19,'852116005161',11.51,'Ammunition Chardonnay',5,1,0,0),(2435,'Slingshot Dunkel',12,'852131004002',10.99,'Slingshot Dunkel',6,6,0,0),(2436,'Slingshot Dunkel 6 pack',12,'852131004040',9.99,'Slingshot Dunkel 6 pack',6,6,0,0),(2437,'Gold Coin',12,'852131004057',10.99,'Gold Coin',6,NULL,0,0),(2438,'Raygun IPA',12,'852131004149',10.99,'Raygun IPA',6,6,0,0),(2439,'Murderhorn Belgian Ale 6 pack',1,'852131004347',7.99,'Murderhorn Belgian Ale 6 pack',6,6,0,0),(2440,'Murderhorn Golden Ale',12,'852131004354',10.99,'Murderhorn Golden Ale',6,6,0,0),(2441,'Raygun IPA 6 Pack',12,'852131004415',7.99,'Raygun IPA 6 Pack',6,6,0,0),(2442,'Chateau Godeau Saint-Emilion Grand cru',12,'852187012808',34.99,'Chateau Godeau Saint-Emilion Grand cru',5,1,0,0),(2443,'Hannah Nicole Zinfandel',12,'852195001146',12.99,'Hannah Nicole Zinfandel',5,1,0,0),(2444,'Dorothy\'s Lager 4 pack',12,'852211003277',10.99,'Dorothy\'s Lager 4 pack',6,4,0,0),(2445,'Pseudo Sue Pale Ale 4 Pack',19,'852211003321',9,'Pseudo Sue Pale Ale 4 Pack',6,4,0,0),(2446,'Toppling Goliath King Sue 4-Pack',19,'852211003697',13.5,'Toppling Goliath King Sue 4-Pack',6,NULL,0,0),(2447,'Zolo Malbec',12,'852282002162',14.99,'Zolo Malbec',5,1,0,0),(2448,'Zolo Merlot',12,'852282002179',12.99,'Zolo Merlot',5,1,0,0),(2449,'Gen 5 Cabernet Sauvignon',12,'852282002803',12.99,'Gen 5 Cabernet Sauvignon',5,1,0,0),(2450,'Press Pomegranate Ginger Single',1,'852313004387',1.35,'Press Pomegranate Ginger Single',6,NULL,0,0),(2451,'Press Blackberry Hibiscus Single Can',1,'852313004530',1.5,'Press Blackberry Hibiscus Single Can',6,NULL,0,0),(2452,'Press Lemongrass Single',1,'852313004547',1.35,'Press Lemongrass Single',6,NULL,0,0),(2453,'Press 12-Pack',1,'852313004837',14.1,'Press 12-Pack',6,NULL,0,0),(2454,'Press Blackberry Hibiscus 6-Pack',1,'852313004844',7.3,'Press Blackberry Hibiscus 6-Pack',6,NULL,0,0),(2455,'Wilson\'s Orchard Spiced Up Cider 4 Pack',12,'852380004143',11.99,'Wilson\'s Orchard Spiced Up Cider 4 Pack',6,4,0,0),(2456,'Wilson\'s Orchard Cherry Crush 4-pack',19,'852380004167',8.25,'Wilson\'s Orchard Cherry Crush 4-pack',6,NULL,0,0),(2457,'Wilson\'s Orchard Peach Fizz single',12,'852380004198',2.99,'Wilson\'s Orchard Peach Fizz single',6,1,0,0),(2458,'Wilson Orchard Peach Fizz 4 Pack',12,'852380004204',11.75,'Wilson Orchard Peach Fizz 4 Pack',6,4,0,0),(2459,'Wilson\'s Orchard Old Blue 4 Pack',12,'852380004211',11.99,'Wilson\'s Orchard Old Blue 4 Pack',6,4,0,0),(2460,'Wilson\'s Orchard Old Blue Blueberry Cider',12,'852380004228',1.99,'Wilson\'s Orchard Old Blue Blueberry Cider',6,1,0,0),(2461,'Sutliff Cider 6 Pack',1,'852380004266',12.99,'Sutliff Cider 6 Pack',6,6,0,0),(2462,'French Blue Bordeaux Rose',12,'852393005298',14.99,'French Blue Bordeaux Rose',5,1,0,0),(2463,'Hi ball Energy Wildberry Energy Water',12,'852421006341',0,'Hi ball Energy Wildberry Energy Water',15,1,0,0),(2464,'Gran Campo Viejo Caba Brut Rose',12,'852832105848',14.99,'Gran Campo Viejo Caba Brut Rose',5,1,0,0),(2465,'Helwig Round up Red',12,'853013003021',11.99,'Helwig Round up Red',5,1,0,0),(2466,'Hollen Family Cabernet',12,'853124003231',11.99,'Hollen Family Cabernet',5,1,0,0),(2467,'Forbidden Secret Darm Mocha 50ml',12,'853452003156',3.5,'Forbidden Secret Darm Mocha 50ml',7,NULL,0,0),(2468,'Butter Chardonnay',12,'853706002034',18.99,'Butter Chardonnay',5,1,0,0),(2469,'Joia Spirt Sparkling Greyhound 4 Pack',12,'853797003262',13.99,'Joia Spirt Sparkling Greyhound 4 Pack',6,4,0,0),(2470,'Tarima Hill',12,'853891002154',15.75,'Tarima Hill',5,1,0,0),(2471,'Tarima Monastrell',12,'853891002161',11.99,'Tarima Monastrell',5,1,0,0),(2472,'Spiked Seltzer',12,'853897002288',11.99,'Spiked Seltzer',6,6,0,0),(2473,'Spiked Seltzer Grapefruit 6 Pack',12,'853897002318',10.99,'Spiked Seltzer Grapefruit 6 Pack',6,6,0,0),(2474,'Repour',12,'854107007000',2.5,'Repour',1,NULL,0,0),(2475,'Repour 4pack',12,'854107007017',8.99,'Repour 4pack',1,NULL,0,0),(2476,'E&J Brandy 1 L',12,'8541800',0,'E&J Brandy 1 L',7,1,0,0),(2477,'Coravin Screw Caps',12,'854318006915',29.99,'Coravin Screw Caps',1,NULL,0,0),(2478,'High West Double Rye',12,'854396005008',44.99,'High West Double Rye',7,1,0,0),(2479,'High West Campfire',12,'854396005046',76.99,'High West Campfire',7,1,0,0),(2480,'High West American Prairie',2,'854396005220',31.99,'High West American Prairie',7,NULL,0,0),(2481,'High West Yippee Ki-Yay Whiskey',2,'854396005268',61,'High West Yippee Ki-Yay Whiskey',7,NULL,0,0),(2482,'Vinituri wine Aerator',12,'854397002006',43.99,'Vinituri wine Aerator',1,NULL,0,0),(2483,'Vinturi',12,'854397002150',14.99,'Vinturi',9,NULL,0,0),(2484,'Mary me bloody Mary Party Set',12,'854781004548',25.99,'Mary me bloody Mary Party Set',6,1,0,0),(2485,'Asparagus, Pickled',12,'855150002011',10.99,'Asparagus, Pickled',4,NULL,1,0),(2486,'Alli&Rose Dark Chocolate Pomegranate',12,'855378004125',1.49,'Alli&Rose Dark Chocolate Pomegranate',3,NULL,0,0),(2487,'Bricco Riella Moscato D\'Atsi',12,'855380003017',15.99,'Bricco Riella Moscato D\'Atsi',5,1,0,0),(2488,'Dot\'s Pretzels',12,'855712008000',4.75,'Dot\'s Pretzels',4,NULL,1,0),(2489,'Coaster Sliper',12,'856016001551',6.25,'Coaster Sliper',1,NULL,0,0),(2490,'Underwood The Bubbles',12,'856036001098',7.99,'Underwood The Bubbles',5,1,0,0),(2491,'Deep Eddy Ruby Red Vodka 50ml',12,'856065002110',1.99,'Deep Eddy Ruby Red Vodka 50ml',7,NULL,0,0),(2492,'Deep Eddy Cranberry Vodka 50ml',12,'856065002158',1.75,'Deep Eddy Cranberry Vodka 50ml',7,NULL,0,0),(2493,'Deep Eddy ruby red grapefruit vodka',12,'856065002974',19.99,'Deep Eddy ruby red grapefruit vodka',7,1,0,0),(2494,'Oak Farm Tievoli Lodi California Red Blend',14,'856065006071',12,'Oak Farm Tievoli Lodi California Red Blend',5,1,0,0),(2495,'Madame Mary Spicy Bloody Mary Mix 1 L',12,'856165004014',6.99,'Madame Mary Spicy Bloody Mary Mix 1 L',4,NULL,1,0),(2496,'Blonde Fatale Blonde Ale',12,'856411002184',13.99,'Blonde Fatale Blonde Ale',6,1,0,0),(2497,'Blonde Fatale Blonde Ale 6 Pack',17,'856411002191',9.5,'Blonde Fatale Blonde Ale 6 Pack',6,6,0,0),(2498,'Plungerhead Petite Sirah',12,'856442005536',14.99,'Plungerhead Petite Sirah',5,1,0,0),(2499,'Lily\'s 85% Dark Chocolate',12,'856481003883',4.99,'Lily\'s 85% Dark Chocolate',4,NULL,1,0),(2500,'Ocean Organic Vodka',12,'856695001002',30.99,'Ocean Organic Vodka',7,NULL,0,0),(2501,'Blue Chair Coconut Rum',12,'856881004015',20.99,'Blue Chair Coconut Rum',7,1,0,0),(2502,'Golden Road Melon Cart',12,'856895003950',13.99,'Golden Road Melon Cart',6,6,0,0),(2503,'Wine Sisterhood',12,'857151003387',8.99,'Wine Sisterhood',5,1,0,0),(2504,'Lindemann Gift Box',12,'8573810',25.99,'Lindemann Gift Box',6,1,0,0),(2505,'Elicio Grenache & Syrah',12,'857488005023',13.99,'Elicio Grenache & Syrah',5,1,0,0),(2506,'Chateaumar Cotes-Du-Rhone',12,'857488005535',15.99,'Chateaumar Cotes-Du-Rhone',5,1,0,0),(2507,'Bellula Rose',12,'857488005542',13.99,'Bellula Rose',5,1,0,0),(2508,'Aged Gouda',12,'857529006361',6,'Aged Gouda',4,NULL,1,0),(2509,'Gemma di Luna Pinot GrigioDelle Venezie',13,'857660004592',9,'Gemma di Luna Pinot GrigioDelle Venezie',5,1,0,0),(2510,'Shannon Ridge Petite Sirah',12,'857680001021',21.99,'Shannon Ridge Petite Sirah',5,1,0,0),(2511,'Steel Horse Sweet Ride',25,'858150004177',8.5,'Steel Horse Sweet Ride',5,1,0,0),(2512,'Wooden wheel leathers',12,'858150004207',11.99,'Wooden wheel leathers',5,1,0,0),(2513,'Wooden Wheel Zoom Sweet Rose',25,'858150004221',8.5,'Wooden Wheel Zoom Sweet Rose',5,1,0,0),(2514,'McCulley\'s Dessert Wine',12,'858150004238',13.99,'McCulley\'s Dessert Wine',5,1,0,0),(2515,'LED Lite Flite',12,'858201006013',9.99,'LED Lite Flite',1,NULL,0,0),(2516,'Crespini',12,'858218007874',2.99,'Crespini',4,NULL,1,0),(2517,'Dolcezze Sapori Crespini Bread Sticks',21,'858218007898',1.25,'Dolcezze Sapori Crespini Bread Sticks',2,NULL,0,0),(2518,'Coravin, 2 Capsules',12,'858976004023',17.95,'Coravin, 2 Capsules',1,NULL,0,0),(2519,'Coravin Model Two',12,'858976004665',296.99,'Coravin Model Two',1,NULL,0,0),(2520,'Coravin Faster Pour Needle',12,'858976004764',29.99,'Coravin Faster Pour Needle',1,NULL,0,0),(2521,'McClelland\'s Scotch',12,'859141004008',29.75,'McClelland\'s Scotch',7,1,0,0),(2522,'Woop Woop Cabernet',12,'859367003847',11.99,'Woop Woop Cabernet',5,1,0,0),(2523,'Western Son Blueberry Vodka',21,'859685005035',1.5,'Western Son Blueberry Vodka',7,NULL,0,0),(2524,'Cedar Ridge Clearheart Vodka',12,'859824001003',26.83,'Cedar Ridge Clearheart Vodka',7,1,0,0),(2525,'Cedar Ridge Reserve White Chardonnay',9,'859824001027',13,'Cedar Ridge Reserve White Chardonnay',5,1,0,0),(2526,'Cedar Ridge Harvest Blush',12,'859824001041',10.99,'Cedar Ridge Harvest Blush',5,1,0,0),(2527,'Cedar Ridge Port',9,'859824001157',13,'Cedar Ridge Port',5,1,0,0),(2528,'Clearheart Gin',12,'859824001232',26.83,'Clearheart Gin',7,1,0,0),(2529,'Cedar Ridge Dark Rum',12,'859824001294',35.75,'Cedar Ridge Dark Rum',7,1,0,0),(2530,'Cedar Ridge Bourbon',12,'859824001300',39.01,'Cedar Ridge Bourbon',7,1,0,0),(2531,'Cedar Ridge Single Malt Whiskey',12,'859824001317',53.5,'Cedar Ridge Single Malt Whiskey',7,1,0,0),(2532,'Cedar Ridge Apple Brandy',12,'859824001331',40.38,'Cedar Ridge Apple Brandy',7,1,0,0),(2533,'Cedar Ridge Age your own Whiskey Kit',12,'859824001393',89.99,'Cedar Ridge Age your own Whiskey Kit',7,1,0,0),(2534,'Cedar Ridge Atlas',12,'859824001447',14.99,'Cedar Ridge Atlas',5,1,0,0),(2535,'Cedar Ridge Grain to Glass Sampler',12,'859824001461',47.99,'Cedar Ridge Grain to Glass Sampler',7,1,0,0),(2536,'Cedar Ridge Blanc de Blanc',9,'859824001492',17.5,'Cedar Ridge Blanc de Blanc',5,1,0,0),(2537,'Howdy\'s Apple Pie Cedar Ridge',2,'859824001508',14.34,'Howdy\'s Apple Pie Cedar Ridge',7,NULL,0,0),(2538,'Short\'s Whiskey',12,'859824001553',30.05,'Short\'s Whiskey',7,1,0,0),(2539,'Cedar Ridge Bourbon Port cask finish',12,'859824001676',52,'Cedar Ridge Bourbon Port cask finish',7,1,0,0),(2540,'Cedar Ridge Lost Pirate',12,'859824001683',48.99,'Cedar Ridge Lost Pirate',7,1,0,0),(2541,'Cedar Ridge Bourbon 200ml',2,'859824001799',12.25,'Cedar Ridge Bourbon 200ml',7,NULL,0,0),(2542,'Cedar Ridge Double Oak',9,'859824001843',17.5,'Cedar Ridge Double Oak',5,1,0,0),(2543,'Singlespeed Tip the Cow 6-pack Cans',1,'860342001505',7.8,'Singlespeed Tip the Cow 6-pack Cans',6,1,0,0),(2544,'SingleSpeed Tricycle',12,'860342001512',0,'SingleSpeed Tricycle',6,NULL,0,0),(2545,'Colorado High Hemp Vodka',18,'861478000103',17.5,'Colorado High Hemp Vodka',7,NULL,0,0),(2546,'Miss Mary\'s Bloody Mary Mixer',16,'862875000345',4.49,'Miss Mary\'s Bloody Mary Mixer',2,NULL,0,0),(2547,'Chateau Spill Red Wine remover',12,'865169000106',9.99,'Chateau Spill Red Wine remover',1,NULL,0,0),(2548,'Elouan Pinot Noir',12,'865776000070',22.99,'Elouan Pinot Noir',5,1,0,0),(2549,'Holy Hell spiced Rum',12,'867971000305',20.95,'Holy Hell spiced Rum',7,1,0,0),(2550,'Galen Sun Dried Tomatoes',12,'8680426814454',1.5,'Galen Sun Dried Tomatoes',4,NULL,1,0),(2551,'Vacu Vin Active Wine Cooler 2 pack',12,'8714793388239',19.99,'Vacu Vin Active Wine Cooler 2 pack',1,NULL,0,0),(2552,'Bottle Bag, Watermellon',12,'872197637310',3.99,'Bottle Bag, Watermellon',1,NULL,0,0),(2553,'Malteasers 1.31oz',16,'872513001696',1.1,'Malteasers 1.31oz',2,NULL,0,0),(2554,'Antigal 2015 Uno Malbec Mendoza, Argentina',13,'874390001035',13.25,'Antigal 2015 Uno Malbec Mendoza, Argentina',5,1,0,0),(2555,'Damaine San Payre Provence Rose',6,'874562000514',10.5,'Damaine San Payre Provence Rose',5,1,0,0),(2556,'True Wine Gift Bag Red Sheer',12,'876718001307',2.99,'True Wine Gift Bag Red Sheer',1,NULL,0,0),(2557,'Bottle Bag',12,'876718001444',2.79,'Bottle Bag',1,NULL,0,0),(2558,'True Wine Gift back Sheer Green',12,'876718001666',2.99,'True Wine Gift back Sheer Green',1,NULL,0,0),(2559,'Bottle Bag',12,'876718002298',2.99,'Bottle Bag',1,NULL,0,0),(2560,'True tools Champaign Stopper',12,'876718004322',5.99,'True tools Champaign Stopper',1,NULL,0,0),(2561,'True Cocktail picks',12,'876718004759',6.99,'True Cocktail picks',1,NULL,0,0),(2562,'True Foil cutter corkscrew, Black',12,'876718005176',10.99,'True Foil cutter corkscrew, Black',1,NULL,0,0),(2563,'True Corkscrew, Brown',12,'876718005190',10.99,'True Corkscrew, Brown',1,NULL,0,0),(2564,'Wine Charms',12,'876718005947',4.99,'Wine Charms',1,NULL,0,0),(2565,'True Chalice Stopper',12,'876718007071',6.99,'True Chalice Stopper',1,NULL,0,0),(2566,'Napkins',12,'876718008320',3.99,'Napkins',1,NULL,0,0),(2567,'Picnic Stix',12,'876718008528',19.99,'Picnic Stix',1,NULL,0,0),(2568,'TrueTote',12,'876718008986',8.99,'TrueTote',1,NULL,0,0),(2569,'Bottle Bag, Luxury wine Sack',12,'876718009563',5.99,'Bottle Bag, Luxury wine Sack',1,NULL,0,0),(2570,'True Wine Charms',12,'876718021565',9.99,'True Wine Charms',1,NULL,0,0),(2571,'True Wine Charm Clings 12 ct',12,'876718021633',2.99,'True Wine Charm Clings 12 ct',1,NULL,0,0),(2572,'True Big Swig',12,'876718021954',19.66,'True Big Swig',1,NULL,0,0),(2573,'Host Chill Pour Spout',12,'876718029523',15.99,'Host Chill Pour Spout',1,NULL,0,0),(2574,'Wine Bag, Birthday',12,'876718037351',1.99,'Wine Bag, Birthday',1,NULL,0,0),(2575,'True Flume 10 ct',12,'876718039720',4.99,'True Flume 10 ct',1,NULL,0,0),(2576,'Dark Chocolate Bar',21,'876941009170',1.07,'Dark Chocolate Bar',2,NULL,0,0),(2577,'Milk Chocolate Bar',21,'876941009187',1.07,'Milk Chocolate Bar',2,NULL,0,0),(2578,'Seagram\'s 7 Whiskey 375 mL',12,'8776509',7.99,'Seagram\'s 7 Whiskey 375 mL',7,1,0,0),(2579,'LandOLakes Cocoa',12,'878326002011',4.99,'LandOLakes Cocoa',4,NULL,1,0),(2580,'LandOLakes Cocoa French Vanilla',12,'878326002059',4.99,'LandOLakes Cocoa French Vanilla',4,NULL,1,0),(2581,'LandOLakes Arctic White',12,'878326002073',4.99,'LandOLakes Arctic White',4,NULL,1,0),(2582,'Blue Moon',12,'8787337',1.99,'Blue Moon',6,1,0,0),(2583,'Cristal D\'Arques',12,'883314215007',87.99,'Cristal D\'Arques',1,NULL,0,0),(2584,'Final Touch Wine Traveller',12,'886245003019',9.99,'Final Touch Wine Traveller',1,NULL,0,0),(2585,'Penny Stamp Prosecco',19,'886822088002',6.33,'Penny Stamp Prosecco',5,1,0,0),(2586,'Rum Chata 1 L',12,'890355001018',35.31,'Rum Chata 1 L',7,1,0,0),(2587,'Rum Chata',12,'890355001049',1.99,'Rum Chata',7,NULL,0,0),(2588,'Rumchata Iced Coffee Tumbler',18,'890355001186',8.5,'Rumchata Iced Coffee Tumbler',7,NULL,0,0),(2589,'Tippy Cow Variety Pack',12,'890355001209',10.99,'Tippy Cow Variety Pack',5,1,0,0),(2590,'Daou 2018 Chardonay Paso Robles',13,'890409002619',15,'Daou 2018 Chardonay Paso Robles',5,1,0,0),(2591,'Winneshiek Sunrise Seyval Blanc',21,'890455002229',9,'Winneshiek Sunrise Seyval Blanc',5,1,0,0),(2592,'Winnesheik Hunga Dunga',21,'890455002250',9,'Winnesheik Hunga Dunga',5,1,0,0),(2593,'The Big Mouth',12,'890751000967',16.99,'The Big Mouth',5,1,0,0),(2594,'Camembert Cheese Spread',12,'890791000446',4.5,'Camembert Cheese Spread',4,NULL,1,0),(2595,'Brie Cheese Spread',12,'890791000460',4.5,'Brie Cheese Spread',4,NULL,1,0),(2596,'Regatta Ginger Beer 6 pack',17,'891236001042',6.25,'Regatta Ginger Beer 6 pack',15,6,0,0),(2597,'Fabre Montmayor Grand Vin',12,'891518001708',54.99,'Fabre Montmayor Grand Vin',5,1,0,0),(2598,'Fabre Montmayou',12,'891518001722',15.99,'Fabre Montmayou',5,1,0,0),(2599,'LangeTwins Cabernet',14,'891540001226',11,'LangeTwins Cabernet',5,1,0,0),(2600,'Caricature Cabernet Sauvignon',12,'891540001462',15.99,'Caricature Cabernet Sauvignon',5,1,0,0),(2601,'Save italia',12,'892339002172',14.99,'Save italia',5,1,0,0),(2602,'Jardin en fleurs vouvray',12,'892696001719',17.99,'Jardin en fleurs vouvray',5,1,0,0),(2603,'Les Trois Couronnes Cote du Rhone 2017',12,'892903002201',12.5,'Les Trois Couronnes Cote du Rhone 2017',5,1,0,0),(2604,'Les Trois Couronnes cote du Rhone 2014',12,'89294451',13.99,'Les Trois Couronnes cote du Rhone 2014',5,1,0,0),(2605,'Surly Furious IPA 4pack',12,'893354001027',11.99,'Surly Furious IPA 4pack',6,4,0,0),(2606,'Blakkr Imperial Black Ale 4 Pack',12,'893354001157',18.9,'Blakkr Imperial Black Ale 4 Pack',6,4,0,0),(2607,'Gerard Bertrand Corbieres 2015',13,'894254002923',1312,'Gerard Bertrand Corbieres 2015',5,1,0,0),(2608,'Long Meadow Ranch',12,'894591002525',16.99,'Long Meadow Ranch',5,1,0,0),(2609,'Rhuby Dooby',12,'895250001323',13.25,'Rhuby Dooby',5,1,0,0),(2610,'Buffalo Sweat Oatmeal Stout 1',12,'895531002292',2.99,'Buffalo Sweat Oatmeal Stout 1',6,1,0,0),(2611,'Savigny les Beaune Chardonnay',12,'896016001588',23,'Savigny les Beaune Chardonnay',5,1,0,0),(2612,'Ca\'del Bosco Franciacorta Cuvee Prestige',12,'896383000016',41.99,'Ca\'del Bosco Franciacorta Cuvee Prestige',5,1,0,0),(2613,'Layer Cake Primitivo',12,'896599002002',17.99,'Layer Cake Primitivo',5,1,0,0),(2614,'Layer Cake Shiraz 2017 South Australia',13,'896599002026',12.75,'Layer Cake Shiraz 2017 South Australia',5,1,0,0),(2615,'Layer Cake Malbec',12,'896599002033',17.99,'Layer Cake Malbec',5,1,0,0),(2616,'If you see Kay Red Blen',12,'896599002149',20.99,'If you see Kay Red Blen',5,1,0,0),(2617,'Snuss Hill Catnip',12,'897075001076',8.99,'Snuss Hill Catnip',5,1,0,0),(2618,'Snus Hill Edelweiss',20,'897075001090',9.25,'Snus Hill Edelweiss',5,1,0,0),(2619,'Snus Hill spinna',12,'897075001182',13.99,'Snus Hill spinna',5,1,0,0),(2620,'High Trestle Taille',21,'897075001267',9,'High Trestle Taille',5,1,0,0),(2621,'Bulldog Gin',12,'897076002003',26.99,'Bulldog Gin',7,1,0,0),(2622,'Mercer Horse Heaven Hills Cabernet',13,'898012002705',0,'Mercer Horse Heaven Hills Cabernet',5,1,0,0),(2623,'Mercer Horse Heaven HIlls Merlot',13,'898012002750',15,'Mercer Horse Heaven HIlls Merlot',5,1,0,0),(2624,'Fever-Tree Tonic Water 4 pack',12,'898195001014',7.99,'Fever-Tree Tonic Water 4 pack',15,4,0,0),(2625,'Dulce Vida Lime',12,'898432002477',27.99,'Dulce Vida Lime',7,NULL,0,0),(2626,'Slow & Low Rock and Rye',12,'898804009004',26.99,'Slow & Low Rock and Rye',7,1,0,0),(2627,'Tassel Ridge Red, White, & Blue',12,'899054001046',11.99,'Tassel Ridge Red, White, & Blue',5,1,0,0),(2628,'Tassel Ridge Star Spangled White',12,'899054001466',11.99,'Tassel Ridge Star Spangled White',5,1,0,0),(2629,'Tassel Ridge In the Dark',12,'899054001725',18.5,'Tassel Ridge In the Dark',5,1,0,0),(2630,'Pacific rim',12,'899552001173',12.99,'Pacific rim',5,1,0,0),(2631,'Pacific Rim Dry Riesling',12,'899552001197',13.99,'Pacific Rim Dry Riesling',5,1,0,0),(2632,'New Age Red',12,'899911000304',12.75,'New Age Red',5,1,0,0),(2633,'New age white',12,'899911000465',12.75,'New age white',5,1,0,0),(2634,'New Age Sweet Gold',12,'899911000854',9.99,'New Age Sweet Gold',5,1,0,0),(2635,'Orchard Apricot',12,'9024153040479',25.99,'Orchard Apricot',7,1,0,0),(2636,'Wilson\'s Orchard Spiced Up Cider',12,'9031104614771',11.99,'Wilson\'s Orchard Spiced Up Cider',6,4,0,0),(2637,'Wallace Shiraz',12,'9322246002008',27.99,'Wallace Shiraz',5,1,0,0),(2638,'Mollydooker Enchanted Path 2011',12,'9336975000020',79.99,'Mollydooker Enchanted Path 2011',5,1,0,0),(2639,'Greywacke Chardonnay',12,'9421901925062',30.99,'Greywacke Chardonnay',5,1,0,0),(2640,'Saranac Ginger Beer',12,'9450040253',6.99,'Saranac Ginger Beer',15,1,0,0),(2641,'Book, Pocket Idiot\'s guide to Choosing Wine',12,'9780028620169',8.99,'Book, Pocket Idiot\'s guide to Choosing Wine',1,NULL,0,0),(2642,'Book, Complete Idiot\'s Guide to Wine',12,'9780028636610',18.95,'Book, Complete Idiot\'s Guide to Wine',1,NULL,0,0),(2643,'Book, Diving into Wine',12,'9780615331997',11.95,'Book, Diving into Wine',1,NULL,0,0),(2644,'Book, Sniffing the Cork',12,'9780743438001',12.99,'Book, Sniffing the Cork',1,NULL,0,0),(2645,'Book, Wine lovers Journal',12,'9781407519043',10.99,'Book, Wine lovers Journal',1,NULL,0,0),(2646,'Book, The Everything Wine Book',12,'9781558508088',14.95,'Book, The Everything Wine Book',1,NULL,0,0),(2647,'Book, The Wine Bible',12,'9781563054341',19.95,'Book, The Wine Bible',1,NULL,0,0),(2648,'Book, 101 Wines',12,'9781594868825',19.95,'Book, 101 Wines',1,NULL,0,0),(2649,'Book, Vino',12,'9781844131877',19.99,'Book, Vino',1,NULL,0,0),(2650,'Book, Best of the Best vol. 9',12,'9781932624144',18.99,'Book, Best of the Best vol. 9',1,NULL,0,0),(2651,'Book, The Complete Encyclopedia of Wine',12,'9789036615914',16.99,'Book, The Complete Encyclopedia of Wine',1,NULL,0,0),(2652,'Abstract',21,'ABSTRACT',34.99,'Abstract',9,NULL,0,0),(2653,'Freisian Farms Aged Gouda',12,'AGED GOUDA',8.75,'Freisian Farms Aged Gouda',4,NULL,1,0),(2654,'ardeche',21,'ARDECHE',10.99,'ardeche',9,NULL,0,0),(2655,'arrow',21,'ARROW',14.99,'arrow',9,NULL,0,0),(2656,'Backpocket Slingshot Dunkel',12,'BACKPOCKET SLINGSHOT DUNKEL',9.99,'Backpocket Slingshot Dunkel',9,NULL,0,0),(2657,'bag',21,'BAG',4.99,'bag',9,NULL,0,0),(2658,'Beer, Mixed 6 Pack',12,'BEER MIXED 6 PACK',10.99,'Beer, Mixed 6 Pack',6,6,0,0),(2659,'Beer Pong',21,'BEER PONG',24.99,'Beer Pong',9,NULL,0,0),(2660,'Bitters',12,'BITTERS',7.99,'Bitters',9,NULL,0,0),(2661,'Black Velvet',12,'BLACK VELVET',20,'Black Velvet',9,NULL,0,0),(2662,'Blanton\'s',21,'BLANTON\'S',66.99,'Blanton\'s',9,NULL,0,0),(2664,'Bloody Mary salt',12,'BLOODY MARY SALT',4.99,'Bloody Mary salt',9,NULL,0,0),(2665,'blue',21,'BLUE',10.99,'blue',9,NULL,0,0),(2666,'Blue Bell',12,'BLUE BELL',18.99,'Blue Bell',9,NULL,0,0),(2667,'Blue Bell Bubbly',21,'BLUE BELL BUBBLY',18.99,'Blue Bell Bubbly',9,NULL,0,0),(2668,'BLue Cheese olives',12,'BLUE CHEESE OLIVES',7.99,'BLue Cheese olives',9,NULL,0,0),(2671,'Bottle Stopper',12,'BOTTLE STOPPER',1.99,'Bottle Stopper',9,NULL,0,0),(2672,'Bracelet',21,'BRACELET',6.9902289106,'Bracelet',9,NULL,0,0),(2673,'Brie Cheese',21,'BRIE CHEESE',6.99,'Brie Cheese',9,NULL,0,0),(2674,'BST Wholesale',21,'BST WHOLESALE',415.84,'BST Wholesale',9,NULL,0,0),(2675,'BST Wholesale 8/13/19',21,'BST WHOLESALE 8/13/19',325.43,'BST Wholesale 8/13/19',9,NULL,0,0),(2676,'BST Wholesale 2019',21,'BST WHOLESALE AUG 2019',336.08,'BST Wholesale 2019',9,NULL,0,0),(2677,'BST Wholesale Sept 2019',21,'BST WHOLESALE SEPT 2019',423.49,'BST Wholesale Sept 2019',9,NULL,0,0),(2678,'Bubbly',12,'BUBBLY',1,'Bubbly',9,NULL,0,0),(2679,'buble',21,'BUBLE',0.99,'buble',9,NULL,0,0),(2680,'Sparkling Water',12,'BUBLY SPARKLING WATER',1,'Sparkling Water',9,NULL,0,0),(2681,'bubly water',12,'BUBLY WATER',1,'bubly water',9,NULL,0,0),(2682,'bud',21,'BUD LIGHT',14.99,'bud',9,NULL,0,0),(2683,'Buttery Nipple Twisted Shotz',21,'BUTTERY NIPPLE TWISTED SHOTZ',7.99,'Buttery Nipple Twisted Shotz',9,NULL,0,0),(2685,'Cakebread Cabernet',12,'CABERNET CABERNET',89.99,'Cakebread Cabernet',9,NULL,0,0),(2687,'can deposit',21,'CAN DEPOSIT',0.05,'can deposit',9,NULL,0,0),(2688,'Candy',12,'CANDY',0.35,'Candy',9,NULL,0,0),(2689,'Candy Cigarettes',21,'CANDY CIGS',0.75,'Candy Cigarettes',9,NULL,0,0),(2690,'Cantalope',21,'CANTALOPE',1.99,'Cantalope',9,NULL,0,0),(2691,'card',21,'CARD',3.75,'card',9,NULL,0,0),(2692,'Cave Aged Cheddar',12,'CAVE AGED CHEDDAR',7.99,'Cave Aged Cheddar',9,NULL,0,0),(2693,'CC',12,'CC',1.99,'CC',9,NULL,0,0),(2694,'Ced Rel Wholesale 8/6/19',21,'CED REL WHOLESALE',753.02,'Ced Rel Wholesale 8/6/19',9,NULL,0,0),(2695,'Ced Rel Wholesale Sept 2019',21,'CED REL WHOLESALE SEPT 2019',704.21,'Ced Rel Wholesale Sept 2019',9,NULL,0,0),(2696,'Cedar Ridge Wine',12,'CEDAR RIDGE WINE',17.99,'Cedar Ridge Wine',9,NULL,0,0),(2697,'CedRel Wholesale 8/13/19',21,'CEDREL WHOLESALE 8/13/19',379.87,'CedRel Wholesale 8/13/19',9,NULL,0,0),(2698,'CedRel Wholesale 8/20/19',21,'CEDREL WHOLESALE 8/20/19',482.42,'CedRel Wholesale 8/20/19',9,NULL,0,0),(2699,'CedRel Wholesale Aug 27',21,'CEDREL WHOLESALE AUG 27',367.52,'CedRel Wholesale Aug 27',9,NULL,0,0),(2700,'CedRel Wholesale Sept 2019',21,'CEDREL WHOLESALE SEPT 2019',360.64,'CedRel Wholesale Sept 2019',9,NULL,0,0),(2701,'Cheese',21,'CHEESE',4.79,'Cheese',9,NULL,0,0),(2702,'Chips',21,'CHIPS',5.99,'Chips',9,NULL,0,0),(2703,'Choc Bar',12,'CHOC BAR',4.5,'Choc Bar',9,NULL,0,0),(2704,'chocolate',12,'CHOCOLATE',6.99,'chocolate',9,NULL,0,0),(2705,'Vodka',12,'CLEARHEART',26.83,'Vodka',9,NULL,0,0),(2706,'Clearkeart',12,'CLEARHEART VODKA',26.83,'Clearkeart',9,NULL,0,0),(2707,'Club Soda',12,'CLUB SODA',2.5,'Club Soda',9,NULL,0,0),(2708,'Candy',12,'CNADY',0.69,'Candy',9,NULL,0,0),(2709,'Coke',12,'COKE',0.99,'Coke',9,NULL,0,0),(2710,'coors light 12 pk',21,'COORS LIGHT 12 PK',14.99,'coors light 12 pk',9,NULL,0,0),(2711,'Crackers',12,'CRACKERS',2.99,'Crackers',9,NULL,0,0),(2712,'straws',12,'CRAZY STRAWS',2.75,'straws',9,NULL,0,0),(2713,'Cream Cheese',12,'CREAM CHEESE',2,'Cream Cheese',9,NULL,0,0),(2714,'Crown peach',21,'CROWN PEACH',39.99,'Crown peach',9,NULL,0,0),(2716,'decantur',12,'DECANTUR',16.99,'decantur',9,NULL,0,0),(2717,'DELETED ITEM',12,'DELETED ITEM',0,'DELETED ITEM',12,NULL,0,0),(2718,'Scotch',12,'DEWAR\'S SCOTCH',36.75,'Scotch',9,NULL,0,0),(2719,'Diet Tonic',12,'DIET TONIC',2.5,'Diet Tonic',9,NULL,0,0),(2720,'Dog Mom Hat',21,'DOG MOM',15.99,'Dog Mom Hat',9,NULL,0,0),(2721,'Don Julio',12,'DON JULIO',62.99,'Don Julio',9,NULL,0,0),(2722,'Dry Cleaning',12,'DRY CLEANING',0,'Dry Cleaning',13,NULL,0,0),(2723,'sdjn',12,'DSSDNJF',7.99,'sdjn',9,NULL,0,0),(2725,'Eiffel Tower Cork Cage',12,'EIFFEL TOWER CORK CAGE',25.99,'Eiffel Tower Cork Cage',9,NULL,0,0),(2726,'Elouan',12,'ELOUAN',22.99,'Elouan',9,NULL,0,0),(2727,'Fireball',12,'FIREBALL',24.81,'Fireball',9,NULL,0,0),(2728,'fliptop pourer',12,'FLIPTOP POURER',3.75,'fliptop pourer',9,NULL,0,0),(2729,'Fre',12,'FRE',13.99,'Fre',9,NULL,0,0),(2730,'Frisian Farms Aged Gouda',12,'FRISIAN FARMS GOUDA',8.75,'Frisian Farms Aged Gouda',9,NULL,0,0),(2731,'Frisk',12,'FRISK',4.99,'Frisk',9,NULL,0,0),(2732,'Frontera',12,'FRONTERA',8.99,'Frontera',9,NULL,0,0),(2733,'Greeting Card',12,'GC',3.75,'Greeting Card',9,NULL,0,0),(2734,'Gemma Luna',21,'GEMMA LUNA',13.99,'Gemma Luna',9,NULL,0,0),(2735,'Gift $100',24,'GIFT $100',100,'Gift $100',1,NULL,0,0),(2736,'Gift Certificate',12,'GIFT $25',25,'Gift Certificate',10,NULL,0,0),(2737,'Gift Certificate',12,'GIFT $40',40,'Gift Certificate',10,NULL,0,0),(2738,'Gift Certificate',12,'GIFT $50',50,'Gift Certificate',10,NULL,0,0),(2739,'Gift Basket',12,'GIFT BASKET',100,'Gift Basket',9,NULL,0,0),(2740,'Gift Box',12,'GIFT BOX',3.99,'Gift Box',9,NULL,0,0),(2741,'Gift Card',12,'GIFT CARD',3.75,'Gift Card',1,NULL,0,0),(2742,'ginger ale',21,'GINGER ALE',2.69,'ginger ale',9,NULL,0,0),(2743,'Glass',12,'GLASS',1.99,'Glass',9,NULL,0,0),(2745,'Greeting Card',12,'GREETING CARD',3.75,'Greeting Card',9,NULL,0,0),(2746,'Gum',21,'GUM',1.45,'Gum',9,NULL,0,0),(2747,'Hat',21,'HAT',12.99,'Hat',9,NULL,0,0),(2748,'Hawkeye Cooler',12,'HAWKEYE COOLER',23.99,'Hawkeye Cooler',9,NULL,0,0),(2749,'Asparagus',12,'HOT PICKLED ASPARAGUS',10.99,'Asparagus',9,NULL,0,0),(2750,'hot Sopressata',12,'HOT SOPRESSATA',5.99,'hot Sopressata',9,NULL,0,0),(2751,'Intrinsic',12,'INTRINSIC',22.99,'Intrinsic',9,NULL,0,0),(2752,'Intrinsic Box set',12,'INTRINSIC BOX SET',22.99,'Intrinsic Box set',9,NULL,0,0),(2753,'Jigger',12,'JIGGER',3.99,'Jigger',9,NULL,0,0),(2754,'jim Beam',12,'JIM BEAM',38.8,'jim Beam',9,NULL,0,0),(2755,'Josh Cab',12,'JOSH',19.99,'Josh Cab',9,NULL,0,0),(2756,'Kirkwood Wine White',12,'KIRKWOOD WINE WHITE',12.99,'Kirkwood Wine White',9,NULL,0,0),(2758,'Ice, Large',12,'LARGE ICE',4,'Ice, Large',4,NULL,1,0),(2759,'Legends Show 6/1',12,'LEGENDS SHOW 6/1',15,'Legends Show 6/1',10,NULL,0,0),(2760,'Lemonade',12,'LEMONADE',4.99,'Lemonade',9,NULL,0,0),(2761,'Lime',12,'LIME',0.99,'Lime',9,NULL,0,0),(2762,'cho candy',12,'LINDOR CHO BALL',0.69,'cho candy',9,NULL,0,0),(2763,'lollipop',12,'LOLLIPOP',0.99,'lollipop',9,NULL,0,0),(2764,'Vintorio Win Aerator',12,'LPNRR362352660',12.99,'Vintorio Win Aerator',1,NULL,0,0),(2765,'Lucky Buddha',12,'LUCKY BUDDHA',2.99,'Lucky Buddha',9,NULL,0,0),(2766,'Mango',21,'MANGO',1.75,'Mango',9,NULL,0,0),(2767,'Marble Chiller',12,'MARBLE CHILLER',28.99,'Marble Chiller',9,NULL,0,0),(2768,'Marg Mix',21,'MARG MIX',5.99,'Marg Mix',9,NULL,0,0),(2769,'Marg Salt',12,'MARG SALT',4.99,'Marg Salt',9,NULL,0,0),(2770,'Margarita',12,'MARGARITA',24.19,'Margarita',9,NULL,0,0),(2771,'Description to show on screen and receipt',13,'MERCER HORSE HEAVEN HILLS CABERNET',0,'Description to show on screen and receipt',5,1,0,0),(2772,'Misc Chocolates',12,'MISC CHOCOLATES',0.5,'Misc Chocolates',2,NULL,0,0),(2773,'Miss Sarah Red Wine',12,'MISS SARAH RED WINE',14.75,'Miss Sarah Red Wine',9,NULL,0,0),(2774,'Mom Fuel Cup',12,'MOM FUEL CUP',14.99,'Mom Fuel Cup',9,NULL,0,0),(2775,'Mozz Cheese',21,'MOZZ CHEESE',7.99,'Mozz Cheese',9,NULL,0,0),(2776,'Mushrooms',12,'MUSHROOMS',7.99,'Mushrooms',9,NULL,0,0),(2777,'wine',13,'NAPA RIDGE CAB',19,'wine',5,1,0,0),(2778,'Napkins',21,'NAPKINS',3.99,'Napkins',9,NULL,0,0),(2779,'cab',12,'NAPPA RIDGE CAB',19,'cab',9,NULL,0,0),(2780,'new age',21,'NEW AGE',12.75,'new age',9,NULL,0,0),(2782,'olives',12,'OLIVES',7.99,'olives',9,NULL,0,0),(2783,'open beer charge',21,'OPEN BEER CHARGE',4,'open beer charge',9,NULL,0,0),(2784,'Ornament',12,'ORNAMENT',5,'Ornament',9,NULL,0,0),(2785,'Pahlmeyer Chardonnay',21,'PAHLMEYER CHARDONNAY',72.99,'Pahlmeyer Chardonnay',9,NULL,0,0),(2786,'Palm Aerator',12,'PALM AERATOR',23.99,'Palm Aerator',9,NULL,0,0),(2787,'Palmeyer',21,'PALMEYER',76.99,'Palmeyer',9,NULL,0,0),(2788,'Parmesan Cheese',12,'PARM CHEESE',7.99,'Parmesan Cheese',9,NULL,0,0),(2789,'Pen',21,'PEN',0.99,'Pen',9,NULL,0,0),(2790,'Pineapple Juice',12,'PINEAPPLE JUICE',1.25,'Pineapple Juice',9,NULL,0,0),(2791,'plush',21,'PLUSH',3.99,'plush',9,NULL,0,0),(2792,'Pop Rocks',12,'POP ROCKS',0.75,'Pop Rocks',9,NULL,0,0),(2793,'Porn Star Twisted Shotz',21,'PORN STAR',7.99,'Porn Star Twisted Shotz',9,NULL,0,0),(2794,'Porpane',12,'PORPANE',20.99,'Porpane',9,NULL,0,0),(2795,'Portavita',12,'PORTAVITA',14.99,'Portavita',5,1,0,0),(2796,'Prairie Breeze',21,'PRAIRIE BREEZE',8.75,'Prairie Breeze',9,NULL,0,0),(2797,'Description to show on screen and receipt',24,'PRE-REG WINE TSTING',20,'Description to show on screen and receipt',10,NULL,0,0),(2798,'pringles',12,'PRINGLES',2.25,'pringles',9,NULL,0,0),(2799,'Propane',12,'PROPANE',20.99,'Propane',9,NULL,0,0),(2800,'Propane Exchange',5,'PROPANEEXCHANGE',14.5,'Propane',8,NULL,0,0),(2803,'Pseudo Ale',21,'PSEUDO ALE',4,'Pseudo Ale',9,NULL,0,0),(2804,'Quark cheese',12,'QUARK',4.99,'Quark cheese',9,NULL,0,0),(2805,'RePour',12,'REPOUR',1.99,'RePour',9,NULL,0,0),(2807,'Salami',12,'SALAMI',5.99,'Salami',9,NULL,0,0),(2808,'Salmon Creek',12,'SALMON CREEK',5.99,'Salmon Creek',9,NULL,0,0),(2809,'Salsa',21,'SALSA',4.99,'Salsa',9,NULL,0,0),(2810,'Sausage',21,'SAUSAGE',6.99,'Sausage',9,NULL,0,0),(2811,'Seagrams 7',12,'SEAGRAMS 7',1.75,'Seagrams 7',9,NULL,0,0),(2812,'Seagrams Vodka',12,'SEAGRAMS VODKA',20.99,'Seagrams Vodka',9,NULL,0,0),(2813,'Stella Artois 24pack',12,'SELLA ARTOIS 24PACK',42,'Stella Artois 24pack',9,NULL,0,0),(2814,'Sign',12,'SIGN',3.99,'Sign',9,NULL,0,0),(2815,'Silver Oak 2012',12,'SILVER OAK 2012',99.99,'Silver Oak 2012',9,NULL,0,0),(2816,'Silver Oak Alexander Valley 2014',12,'SILVER OAK ALEXANDER VALLEY 2014',79.99,'Silver Oak Alexander Valley 2014',9,NULL,0,0),(2817,'Beer, Single',12,'SINGLE BEER',2.99,'Beer, Single',6,1,0,0),(2818,'Single Chocolates',12,'SINGLE CHOCOLATES',0.45,'Single Chocolates',2,NULL,0,0),(2819,'SingleSpeed Tricycle 6 pack',21,'SINGLESPEED TRICYCLE',10.99,'SingleSpeed Tricycle 6 pack',9,NULL,0,0),(2820,'Skittles',12,'SKITTLES',1.49,'Skittles',9,NULL,0,0),(2821,'Ice, Small',12,'SMALL ICE',2.99,'Ice, Small',4,NULL,1,0),(2822,'Sock',12,'SOCK',1.99,'Sock',9,NULL,0,0),(2823,'Soda',21,'SODA',1,'Soda',9,NULL,0,0),(2824,'Soft Toffees',12,'SOFT TOFFEES',2.99,'Soft Toffees',9,NULL,0,0),(2825,'Moscato D\'Asti',12,'STEFANO FARINA MOSCATO D\'ASTI',15.99,'Moscato D\'Asti',9,NULL,0,0),(2826,'Stickers',21,'STICKERS',2.99,'Stickers',9,NULL,0,0),(2827,'Stoli Razberi',12,'STOLI RAZBERI',34.54,'Stoli Razberi',9,NULL,0,0),(2828,'Sucker',12,'SUCKER',0.25,'Sucker',2,NULL,0,0),(2829,'Summer Sausage',12,'SUMMER SAUSAGE',6.99,'Summer Sausage',9,NULL,0,0),(2830,'Sutliff Cider',12,'SUTLIFF CIDER',12.99,'Sutliff Cider',9,NULL,0,0),(2831,'tag card',12,'TAG CARD',0.99,'tag card',9,NULL,0,0),(2832,'Teq Rose',12,'TEQ ROSE',1.99,'Teq Rose',9,NULL,0,0),(2833,'test',12,'TEST',9.99,'test',9,NULL,0,0),(2834,'Tomatoes',21,'TOMATOES',2.99,'Tomatoes',9,NULL,0,0),(2835,'Tomolives',12,'TOMOLIVES',3.99,'Tomolives',9,NULL,0,0),(2836,'Toms',21,'TOMS',2.99,'Toms',9,NULL,0,0),(2837,'Tonic',12,'TONIC',2.5,'Tonic',9,NULL,0,0),(2838,'Tonic Water',12,'TONIC WATER',2.5,'Tonic Water',9,NULL,0,0),(2839,'Tootsie',21,'TOOTSIE',0.05,'Tootsie',9,NULL,0,0),(2840,'Tootsie Roll',21,'TOOTSIE ROLL',0.05,'Tootsie Roll',9,NULL,0,0),(2841,'Tootsie',12,'TOTSIE',0.15,'Tootsie',9,NULL,0,0),(2842,'Towel',21,'TOWEL',5.99,'Towel',9,NULL,0,0),(2843,'toy',12,'TOY',2.99,'toy',9,NULL,0,0),(2844,'Treana Cabernet',12,'TREANA CABERNET',27.99,'Treana Cabernet',9,NULL,0,0),(2845,'Brandy turtle',12,'TURTLE',39.99,'Brandy turtle',9,NULL,0,0),(2846,'Unicorn POOp',12,'UNICORN POOP',2.75,'Unicorn POOp',9,NULL,0,0),(2847,'Venge Silencieux',12,'VENGE',64.99,'Venge Silencieux',9,NULL,0,0),(2848,'Vinegar',12,'VINEGAR',4.99,'Vinegar',9,NULL,0,0),(2850,'49.99',12,'WARRES PORT',49.99,'49.99',9,NULL,0,0),(2851,'Water',12,'WATER',1,'Water',9,NULL,0,0),(2852,'Wholesale 05/19',12,'WHOLESALE 05/19',1786.65,'Wholesale 05/19',9,NULL,0,0),(2853,'Wholesale BST 7/29/19',12,'WHOLESALE BST 7/29/19',249.14,'Wholesale BST 7/29/19',9,NULL,0,0),(2854,'Wholesale BST 8/19/19',21,'WHOLESALE BST 8/19/19',429.45,'Wholesale BST 8/19/19',9,NULL,0,0),(2855,'Wholesale CedRel',12,'WHOLESALE CEDREL 7/29/19',299.47,'Wholesale CedRel',9,NULL,0,0),(2856,'Wholesale Liquor 06/19',12,'WHOLESALE LIQUOR 06/19',2431.39,'Wholesale Liquor 06/19',9,NULL,0,0),(2857,'Wholesale Liquor 07/19',12,'WHOLESALE LIQUOR 07/19',3205.29,'Wholesale Liquor 07/19',9,NULL,0,0),(2859,'Wine Bag',12,'WINE BAG',0.99,'Wine Bag',9,NULL,0,0),(2860,'Wine Bottle Ornament',12,'WINE BOTTLE CHRISTMAS ORNAMENT',5.49,'Wine Bottle Ornament',9,NULL,0,0),(2861,'Wine Glass',12,'WINE GLASS',5.99,'Wine Glass',9,NULL,0,0),(2862,'Wine Sock',21,'WINE SOCK',1.99,'Wine Sock',9,NULL,0,0),(2863,'Wine Tasting',24,'WINE TASTING',25,'Wine Tasting',10,NULL,0,0),(2864,'Wine Tasting',12,'WINE TICKETS',20,'Wine Tasting',9,NULL,0,0),(2865,'Wine Vacuum',12,'WINE VACUUM',9.99,'Wine Vacuum',9,NULL,0,0),(2866,'wine wipes',12,'WINE WIPES',0.99,'wine wipes',9,NULL,0,0),(2867,'Wooden Serving Board',12,'WOODEN SERVING BOARD',20.99,'Wooden Serving Board',9,NULL,0,0),(2868,'Procelain Cheese Buttons',12,'X000B9QP69',14.99,'Procelain Cheese Buttons',1,NULL,0,0),(2869,'Ybarra Olives',12,'YBARRA',7.99,'Ybarra Olives',9,NULL,0,0),(2870,'deleteMe',0,'1111111',0,'deleteMe please',5,1,1,1),(2871,'deleteMe',0,'1111112',0,'deleteMe please',5,1,1,1),(2872,'deleteMe',0,'1111113',0,'deleteMe please',5,1,1,1),(2873,'Custom',21,'CUSTOM',0,NULL,9,0,0,0);
/*!40000 ALTER TABLE `inventory_description` ENABLE KEYS */;
UNLOCK TABLES;

--
-- Table structure for table `inventory_price`
--

DROP TABLE IF EXISTS `inventory_price`;
/*!40101 SET @saved_cs_client     = @@character_set_client */;
/*!50503 SET character_set_client = utf8mb4 */;
CREATE TABLE `inventory_price` (
  `inventoryID` int(11) NOT NULL,
  `inventory_qty` int(11) NOT NULL,
  `supplier_price` double NOT NULL,
  `purchased_date` datetime NOT NULL,
  PRIMARY KEY (`inventoryID`),
  CONSTRAINT `fk_inventoryID` FOREIGN KEY (`inventoryID`) REFERENCES `inventory_description` (`inventoryID`)
) ENGINE=InnoDB DEFAULT CHARSET=utf8mb4 COLLATE=utf8mb4_0900_ai_ci;
/*!40101 SET character_set_client = @saved_cs_client */;

--
-- Dumping data for table `inventory_price`
--

LOCK TABLES `inventory_price` WRITE;
/*!40000 ALTER TABLE `inventory_price` DISABLE KEYS */;
INSERT INTO `inventory_price` VALUES (1024,8,10.99,'1900-01-01 00:00:00'),(1025,5,6.99,'1900-01-01 00:00:00'),(1026,2,1.25,'1900-01-01 00:00:00'),(1027,1,9.99,'1900-01-01 00:00:00'),(1028,1,2.99,'1900-01-01 00:00:00'),(1029,1,6.99,'1900-01-01 00:00:00'),(1030,0,190,'1900-01-01 00:00:00'),(1031,0,6,'1900-01-01 00:00:00'),(1032,5,11.99,'1900-01-01 00:00:00'),(1033,1,2.99,'1900-01-01 00:00:00'),(1034,1,24.99,'1900-01-01 00:00:00'),(1035,1,7.99,'1900-01-01 00:00:00'),(1036,10,13.99,'1900-01-01 00:00:00'),(1037,1,1,'1900-01-01 00:00:00'),(1038,99,1,'1900-01-01 00:00:00'),(1039,6,0,'1900-01-01 00:00:00'),(1040,5,2.75,'1900-01-01 00:00:00'),(1041,1,1.49,'1900-01-01 00:00:00'),(1042,5,1.49,'1900-01-01 00:00:00'),(1043,1,1.89,'1900-01-01 00:00:00'),(1044,4,12.99,'1900-01-01 00:00:00'),(1045,15,1,'1900-01-01 00:00:00'),(1046,0,1.25,'1900-01-01 00:00:00'),(1047,0,1,'1900-01-01 00:00:00'),(1048,1,2.99,'1900-01-01 00:00:00'),(1049,0,1.99,'1900-01-01 00:00:00'),(1050,2,44.55,'1900-01-01 00:00:00'),(1051,1,8.99,'1900-01-01 00:00:00'),(1052,0,7.25,'1900-01-01 00:00:00'),(1053,10,38.99,'1900-01-01 00:00:00'),(1054,5,6.99,'1900-01-01 00:00:00'),(1055,3,4.99,'1900-01-01 00:00:00'),(1056,0,6,'1900-01-01 00:00:00'),(1057,13,1.99,'1900-01-01 00:00:00'),(1058,9,1.99,'1900-01-01 00:00:00'),(1059,8,84.99,'1900-01-01 00:00:00'),(1060,3,179.99,'1900-01-01 00:00:00'),(1061,15,17.99,'1900-01-01 00:00:00'),(1062,2,1.89,'1900-01-01 00:00:00'),(1063,2,1.89,'1900-01-01 00:00:00'),(1064,0,1.5,'1900-01-01 00:00:00'),(1065,0,1.5,'1900-01-01 00:00:00'),(1066,0,5,'1900-01-01 00:00:00'),(1067,0,10,'1900-01-01 00:00:00'),(1068,0,0.99,'1900-01-01 00:00:00'),(1069,0,12,'1900-01-01 00:00:00'),(1070,0,0.92,'1900-01-01 00:00:00'),(1071,0,13.99,'1900-01-01 00:00:00'),(1072,0,1.99,'1900-01-01 00:00:00'),(1073,0,7.5,'1900-01-01 00:00:00'),(1074,0,7.73,'1900-01-01 00:00:00'),(1075,0,11,'1900-01-01 00:00:00'),(1076,0,9.99,'1900-01-01 00:00:00'),(1077,0,7.5,'1900-01-01 00:00:00'),(1078,5,10.99,'1900-01-01 00:00:00'),(1079,1,17.99,'1900-01-01 00:00:00'),(1080,1,9.99,'1900-01-01 00:00:00'),(1081,3,10.99,'1900-01-01 00:00:00'),(1082,1,17.99,'1900-01-01 00:00:00'),(1083,1,17.99,'1900-01-01 00:00:00'),(1084,3,7.53,'1900-01-01 00:00:00'),(1085,3,4.99,'1900-01-01 00:00:00'),(1086,0,1.99,'1900-01-01 00:00:00'),(1087,0,10.98,'1900-01-01 00:00:00'),(1088,1,17.99,'1900-01-01 00:00:00'),(1089,0,8.5,'1900-01-01 00:00:00'),(1090,0,1.02,'1900-01-01 00:00:00'),(1091,1,12.99,'1900-01-01 00:00:00'),(1092,0,7,'1900-01-01 00:00:00'),(1093,0,7,'1900-01-01 00:00:00'),(1094,0,10,'1900-01-01 00:00:00'),(1095,0,7.5,'1900-01-01 00:00:00'),(1096,0,8.25,'1900-01-01 00:00:00'),(1097,1,2.99,'1900-01-01 00:00:00'),(1098,0,3.75,'1900-01-01 00:00:00'),(1099,0,10.99,'1900-01-01 00:00:00'),(1100,5,3.5,'1900-01-01 00:00:00'),(1101,7,4.99,'1900-01-01 00:00:00'),(1102,4,4.99,'1900-01-01 00:00:00'),(1103,0,6.99,'1900-01-01 00:00:00'),(1104,1,6.99,'1900-01-01 00:00:00'),(1105,0,5.79,'1900-01-01 00:00:00'),(1106,1,4.99,'1900-01-01 00:00:00'),(1107,0,5.45,'1900-01-01 00:00:00'),(1108,0,5.99,'1900-01-01 00:00:00'),(1109,0,40,'1900-01-01 00:00:00'),(1110,0,99.8,'1900-01-01 00:00:00'),(1111,1,1.59,'1900-01-01 00:00:00'),(1112,3,1.59,'1900-01-01 00:00:00'),(1113,1,1.59,'1900-01-01 00:00:00'),(1114,1,3.99,'1900-01-01 00:00:00'),(1115,1,3.99,'1900-01-01 00:00:00'),(1116,0,23.99,'1900-01-01 00:00:00'),(1117,1,19.99,'1900-01-01 00:00:00'),(1118,3,16,'1900-01-01 00:00:00'),(1119,4,1.49,'1900-01-01 00:00:00'),(1120,7,1.49,'1900-01-01 00:00:00'),(1121,4,1.49,'1900-01-01 00:00:00'),(1122,4,4.5,'1900-01-01 00:00:00'),(1123,7,4.89,'1900-01-01 00:00:00'),(1124,20,1.99,'1900-01-01 00:00:00'),(1125,0,2.99,'1900-01-01 00:00:00'),(1126,1,12.99,'1900-01-01 00:00:00'),(1127,2,12.99,'1900-01-01 00:00:00'),(1128,1,12.99,'1900-01-01 00:00:00'),(1129,0,64.8,'1900-01-01 00:00:00'),(1130,0,10.99,'1900-01-01 00:00:00'),(1131,0,9,'1900-01-01 00:00:00'),(1132,1,13.99,'1900-01-01 00:00:00'),(1133,3,36.99,'1900-01-01 00:00:00'),(1134,0,1,'1900-01-01 00:00:00'),(1135,0,1.5,'1900-01-01 00:00:00'),(1136,0,1.25,'1900-01-01 00:00:00'),(1137,1,5.99,'1900-01-01 00:00:00'),(1138,0,5.99,'1900-01-01 00:00:00'),(1139,6,9.99,'1900-01-01 00:00:00'),(1140,6,1.99,'1900-01-01 00:00:00'),(1141,3,4.99,'1900-01-01 00:00:00'),(1142,5,35.99,'1900-01-01 00:00:00'),(1143,1,12.99,'1900-01-01 00:00:00'),(1144,1,8.99,'1900-01-01 00:00:00'),(1145,2,7.99,'1900-01-01 00:00:00'),(1146,10,2.49,'1900-01-01 00:00:00'),(1147,5,11.99,'1900-01-01 00:00:00'),(1148,6,4.99,'1900-01-01 00:00:00'),(1149,2,16.99,'1900-01-01 00:00:00'),(1150,2,4.99,'1900-01-01 00:00:00'),(1151,2,3.75,'1900-01-01 00:00:00'),(1152,3,3.75,'1900-01-01 00:00:00'),(1153,0,3.75,'1900-01-01 00:00:00'),(1154,1,6.99,'1900-01-01 00:00:00'),(1155,0,31.99,'1900-01-01 00:00:00'),(1156,0,3.87,'1900-01-01 00:00:00'),(1157,4,1.99,'1900-01-01 00:00:00'),(1158,23,7.99,'1900-01-01 00:00:00'),(1159,3,48.99,'1900-01-01 00:00:00'),(1160,1,10.99,'1900-01-01 00:00:00'),(1161,0,1.99,'1900-01-01 00:00:00'),(1162,0,13.99,'1900-01-01 00:00:00'),(1163,1,1.99,'1900-01-01 00:00:00'),(1164,2,10.99,'1900-01-01 00:00:00'),(1165,1,13.99,'1900-01-01 00:00:00'),(1166,0,9.99,'1900-01-01 00:00:00'),(1167,0,13.8,'1900-01-01 00:00:00'),(1168,0,11,'1900-01-01 00:00:00'),(1169,1,13.99,'1900-01-01 00:00:00'),(1170,2,1.49,'1900-01-01 00:00:00'),(1171,1,6.99,'1900-01-01 00:00:00'),(1172,2,4.99,'1900-01-01 00:00:00'),(1173,1,6.99,'1900-01-01 00:00:00'),(1174,1,6.99,'1900-01-01 00:00:00'),(1175,1,14.95,'1900-01-01 00:00:00'),(1176,0,11.99,'1900-01-01 00:00:00'),(1177,0,3.99,'1900-01-01 00:00:00'),(1178,0,1.25,'1900-01-01 00:00:00'),(1179,8,8.99,'1900-01-01 00:00:00'),(1180,0,8.99,'1900-01-01 00:00:00'),(1181,5,1.99,'1900-01-01 00:00:00'),(1182,6,0.5,'1900-01-01 00:00:00'),(1183,0,7.99,'1900-01-01 00:00:00'),(1184,9,0.5,'1900-01-01 00:00:00'),(1185,5,1.49,'1900-01-01 00:00:00'),(1186,3,1.49,'1900-01-01 00:00:00'),(1187,1,2.99,'1900-01-01 00:00:00'),(1188,1,5.99,'1900-01-01 00:00:00'),(1189,2,1.49,'1900-01-01 00:00:00'),(1190,0,42.99,'1900-01-01 00:00:00'),(1191,0,24,'1900-01-01 00:00:00'),(1192,6,1.49,'1900-01-01 00:00:00'),(1193,10,1.49,'1900-01-01 00:00:00'),(1194,2,12.99,'1900-01-01 00:00:00'),(1195,0,19,'1900-01-01 00:00:00'),(1196,11,1.49,'1900-01-01 00:00:00'),(1197,0,0.25,'1900-01-01 00:00:00'),(1198,7,0.5,'1900-01-01 00:00:00'),(1199,1,2.75,'1900-01-01 00:00:00'),(1200,0,1.5,'1900-01-01 00:00:00'),(1201,0,3.99,'1900-01-01 00:00:00'),(1202,1,3.99,'1900-01-01 00:00:00'),(1203,1,2.99,'1900-01-01 00:00:00'),(1204,0,5,'1900-01-01 00:00:00'),(1205,1,3.99,'1900-01-01 00:00:00'),(1206,0,2.75,'1900-01-01 00:00:00'),(1207,1,3.99,'1900-01-01 00:00:00'),(1208,1,4.99,'1900-01-01 00:00:00'),(1209,2,3.99,'1900-01-01 00:00:00'),(1210,1,4.99,'1900-01-01 00:00:00'),(1211,0,4.99,'1900-01-01 00:00:00'),(1212,1,3.99,'1900-01-01 00:00:00'),(1213,0,4.99,'1900-01-01 00:00:00'),(1214,0,3.75,'1900-01-01 00:00:00'),(1215,3,7.99,'1900-01-01 00:00:00'),(1216,1,5.99,'1900-01-01 00:00:00'),(1217,0,6.99,'1900-01-01 00:00:00'),(1218,2,6.99,'1900-01-01 00:00:00'),(1219,0,4,'1900-01-01 00:00:00'),(1220,1,15.99,'1900-01-01 00:00:00'),(1221,1,3.99,'1900-01-01 00:00:00'),(1222,0,3.75,'1900-01-01 00:00:00'),(1223,1,4.99,'1900-01-01 00:00:00'),(1224,0,2.79,'1900-01-01 00:00:00'),(1225,1,3.99,'1900-01-01 00:00:00'),(1226,1,4.99,'1900-01-01 00:00:00'),(1227,0,7.99,'1900-01-01 00:00:00'),(1228,0,5,'1900-01-01 00:00:00'),(1229,0,3.5,'1900-01-01 00:00:00'),(1230,3,4.99,'1900-01-01 00:00:00'),(1231,1,4.99,'1900-01-01 00:00:00'),(1232,0,5.25,'1900-01-01 00:00:00'),(1233,1,5.99,'1900-01-01 00:00:00'),(1234,1,5.99,'1900-01-01 00:00:00'),(1235,1,7.99,'1900-01-01 00:00:00'),(1236,2,14.99,'1900-01-01 00:00:00'),(1237,2,14.99,'1900-01-01 00:00:00'),(1238,1,14.99,'1900-01-01 00:00:00'),(1239,0,3.25,'1900-01-01 00:00:00'),(1240,1,4.99,'1900-01-01 00:00:00'),(1241,1,4.99,'1900-01-01 00:00:00'),(1242,1,3.99,'1900-01-01 00:00:00'),(1243,1,3.99,'1900-01-01 00:00:00'),(1244,1,5.99,'1900-01-01 00:00:00'),(1245,0,3.49,'1900-01-01 00:00:00'),(1246,0,4.99,'1900-01-01 00:00:00'),(1247,0,1.99,'1900-01-01 00:00:00'),(1248,1,13.98,'1900-01-01 00:00:00'),(1249,0,4,'1900-01-01 00:00:00'),(1250,1,15.99,'1900-01-01 00:00:00'),(1251,0,3.99,'1900-01-01 00:00:00'),(1252,1,14.99,'1900-01-01 00:00:00'),(1253,1,4.99,'1900-01-01 00:00:00'),(1254,1,4.99,'1900-01-01 00:00:00'),(1255,1,4.99,'1900-01-01 00:00:00'),(1256,1,4.99,'1900-01-01 00:00:00'),(1257,1,2.99,'1900-01-01 00:00:00'),(1258,0,1.25,'1900-01-01 00:00:00'),(1259,1,4.99,'1900-01-01 00:00:00'),(1260,1,38.99,'1900-01-01 00:00:00'),(1261,9,15,'1900-01-01 00:00:00'),(1262,0,6,'1900-01-01 00:00:00'),(1263,1,2.99,'1900-01-01 00:00:00'),(1264,1,6.25,'1900-01-01 00:00:00'),(1265,0,14.5,'1900-01-01 00:00:00'),(1266,99,0.5,'1900-01-01 00:00:00'),(1267,3,2.69,'1900-01-01 00:00:00'),(1268,0,2.69,'1900-01-01 00:00:00'),(1269,0,1.89,'1900-01-01 00:00:00'),(1270,0,5.99,'1900-01-01 00:00:00'),(1271,1,10.99,'1900-01-01 00:00:00'),(1272,21,1,'1900-01-01 00:00:00'),(1273,0,22.99,'1900-01-01 00:00:00'),(1274,11,1,'1900-01-01 00:00:00'),(1275,0,1.25,'1900-01-01 00:00:00'),(1276,1,18.99,'1900-01-01 00:00:00'),(1277,1,18.99,'1900-01-01 00:00:00'),(1278,0,21.79,'1900-01-01 00:00:00'),(1279,3,32.99,'1900-01-01 00:00:00'),(1280,8,1.25,'1900-01-01 00:00:00'),(1281,0,1.25,'1900-01-01 00:00:00'),(1282,0,1.69,'1900-01-01 00:00:00'),(1283,2,1.69,'1900-01-01 00:00:00'),(1284,996,1.69,'1900-01-01 00:00:00'),(1285,1,4.5,'1900-01-01 00:00:00'),(1286,0,2.5,'1900-01-01 00:00:00'),(1287,0,2.52,'1900-01-01 00:00:00'),(1288,0,1.25,'1900-01-01 00:00:00'),(1289,0,1.07,'1900-01-01 00:00:00'),(1290,1,7.99,'1900-01-01 00:00:00'),(1291,3,3.89,'1900-01-01 00:00:00'),(1292,2,10.99,'1900-01-01 00:00:00'),(1293,1,7.99,'1900-01-01 00:00:00'),(1294,1,7.99,'1900-01-01 00:00:00'),(1295,2,5.99,'1900-01-01 00:00:00'),(1296,0,0,'1900-01-01 00:00:00'),(1297,2,1.99,'1900-01-01 00:00:00'),(1298,2,9.99,'1900-01-01 00:00:00'),(1299,3,5.99,'1900-01-01 00:00:00'),(1300,1,5.99,'1900-01-01 00:00:00'),(1301,1,5.99,'1900-01-01 00:00:00'),(1302,14,3.25,'1900-01-01 00:00:00'),(1303,0,2.78,'1900-01-01 00:00:00'),(1304,1,5.99,'1900-01-01 00:00:00'),(1305,1,5.99,'1900-01-01 00:00:00'),(1306,2,7.99,'1900-01-01 00:00:00'),(1307,12,6.99,'1900-01-01 00:00:00'),(1308,2,5.99,'1900-01-01 00:00:00'),(1309,0,5.99,'1900-01-01 00:00:00'),(1310,14,5.99,'1900-01-01 00:00:00'),(1311,1,2.99,'1900-01-01 00:00:00'),(1312,0,1.07,'1900-01-01 00:00:00'),(1313,0,3.83,'1900-01-01 00:00:00'),(1314,11,0.5,'1900-01-01 00:00:00'),(1315,0,4.99,'1900-01-01 00:00:00'),(1316,4,8.99,'1900-01-01 00:00:00'),(1317,0,6.99,'1900-01-01 00:00:00'),(1318,0,2.96,'1900-01-01 00:00:00'),(1319,2,2.99,'1900-01-01 00:00:00'),(1320,508,1.605469,'1900-01-01 00:00:00'),(1321,0,1.25,'1900-01-01 00:00:00'),(1322,1,4.99,'1900-01-01 00:00:00'),(1323,0,2.99,'1900-01-01 00:00:00'),(1324,0,3.2,'1900-01-01 00:00:00'),(1325,1,1.99,'1900-01-01 00:00:00'),(1326,4,4.99,'1900-01-01 00:00:00'),(1327,4,2.75,'1900-01-01 00:00:00'),(1328,0,1.68,'1900-01-01 00:00:00'),(1329,0,10.98,'1900-01-01 00:00:00'),(1330,0,7.25,'1900-01-01 00:00:00'),(1331,0,6.99,'1900-01-01 00:00:00'),(1332,1,4.99,'1900-01-01 00:00:00'),(1333,0,2.99,'1900-01-01 00:00:00'),(1334,1,4.5,'1900-01-01 00:00:00'),(1335,0,2.99,'1900-01-01 00:00:00'),(1336,0,4.5,'1900-01-01 00:00:00'),(1337,2,4.5,'1900-01-01 00:00:00'),(1338,1,4.5,'1900-01-01 00:00:00'),(1339,0,2.99,'1900-01-01 00:00:00'),(1340,0,2.99,'1900-01-01 00:00:00'),(1341,0,2.99,'1900-01-01 00:00:00'),(1342,0,2.99,'1900-01-01 00:00:00'),(1343,0,2.99,'1900-01-01 00:00:00'),(1344,2,9.99,'1900-01-01 00:00:00'),(1345,1,10.99,'1900-01-01 00:00:00'),(1346,0,6.99,'1900-01-01 00:00:00'),(1347,0,3,'1900-01-01 00:00:00'),(1348,8,4.99,'1900-01-01 00:00:00'),(1349,3,9.99,'1900-01-01 00:00:00'),(1350,2,5.99,'1900-01-01 00:00:00'),(1351,1,3.99,'1900-01-01 00:00:00'),(1352,1,3.99,'1900-01-01 00:00:00'),(1353,3,2.99,'1900-01-01 00:00:00'),(1354,1,4.99,'1900-01-01 00:00:00'),(1355,0,6.98,'1900-01-01 00:00:00'),(1356,0,6.98,'1900-01-01 00:00:00'),(1357,0,1.5,'1900-01-01 00:00:00'),(1358,0,1.5,'1900-01-01 00:00:00'),(1359,1,4.99,'1900-01-01 00:00:00'),(1360,11,13.99,'1900-01-01 00:00:00'),(1361,12,13.99,'1900-01-01 00:00:00'),(1362,1,2.99,'1900-01-01 00:00:00'),(1363,6,2.69,'1900-01-01 00:00:00'),(1364,2,4.99,'1900-01-01 00:00:00'),(1365,2,9.99,'1900-01-01 00:00:00'),(1366,2,9.99,'1900-01-01 00:00:00'),(1367,1,6.5,'1900-01-01 00:00:00'),(1368,1,5.5,'1900-01-01 00:00:00'),(1369,1,5,'1900-01-01 00:00:00'),(1370,1,6.99,'1900-01-01 00:00:00'),(1371,4,4.5,'1900-01-01 00:00:00'),(1372,2,2.99,'1900-01-01 00:00:00'),(1373,1,2.99,'1900-01-01 00:00:00'),(1374,4,2.99,'1900-01-01 00:00:00'),(1375,1,2.5,'1900-01-01 00:00:00'),(1376,1,2.99,'1900-01-01 00:00:00'),(1377,3,2.99,'1900-01-01 00:00:00'),(1378,3,2.99,'1900-01-01 00:00:00'),(1379,1,6.5,'1900-01-01 00:00:00'),(1380,5,5.99,'1900-01-01 00:00:00'),(1381,3,4.99,'1900-01-01 00:00:00'),(1382,5,5.99,'1900-01-01 00:00:00'),(1383,1,5.99,'1900-01-01 00:00:00'),(1384,1,11.99,'1900-01-01 00:00:00'),(1385,3,7.99,'1900-01-01 00:00:00'),(1386,1,3.99,'1900-01-01 00:00:00'),(1387,1,3.99,'1900-01-01 00:00:00'),(1388,4,3.99,'1900-01-01 00:00:00'),(1389,2,3.99,'1900-01-01 00:00:00'),(1390,2,2.75,'1900-01-01 00:00:00'),(1391,3,2.5,'1900-01-01 00:00:00'),(1392,4,3.99,'1900-01-01 00:00:00'),(1393,2,0.99,'1900-01-01 00:00:00'),(1394,1,3.49,'1900-01-01 00:00:00'),(1395,1,2.99,'1900-01-01 00:00:00'),(1396,7,2.99,'1900-01-01 00:00:00'),(1397,3,2.99,'1900-01-01 00:00:00'),(1398,0,2,'1900-01-01 00:00:00'),(1399,2,5,'1900-01-01 00:00:00'),(1400,2,2.99,'1900-01-01 00:00:00'),(1401,15,2.99,'1900-01-01 00:00:00'),(1402,3,2.99,'1900-01-01 00:00:00'),(1403,7,3.99,'1900-01-01 00:00:00'),(1404,5,3.99,'1900-01-01 00:00:00'),(1405,4,3.99,'1900-01-01 00:00:00'),(1406,8,2.69,'1900-01-01 00:00:00'),(1407,7,3.99,'1900-01-01 00:00:00'),(1408,1,21.99,'1900-01-01 00:00:00'),(1409,1,12.99,'1900-01-01 00:00:00'),(1410,3,12.99,'1900-01-01 00:00:00'),(1411,4,5.99,'1900-01-01 00:00:00'),(1412,2,5.99,'1900-01-01 00:00:00'),(1413,4,3.99,'1900-01-01 00:00:00'),(1414,1,7.99,'1900-01-01 00:00:00'),(1415,1,31.99,'1900-01-01 00:00:00'),(1416,1,25.99,'1900-01-01 00:00:00'),(1417,1,9.99,'1900-01-01 00:00:00'),(1418,1,12.99,'1900-01-01 00:00:00'),(1419,0,2.69,'1900-01-01 00:00:00'),(1420,0,1.29,'1900-01-01 00:00:00'),(1421,0,1.25,'1900-01-01 00:00:00'),(1422,0,2.5,'1900-01-01 00:00:00'),(1423,0,1.25,'1900-01-01 00:00:00'),(1424,7,1,'1900-01-01 00:00:00'),(1425,0,3,'1900-01-01 00:00:00'),(1426,1,9.99,'1900-01-01 00:00:00'),(1427,1,6.99,'1900-01-01 00:00:00'),(1428,0,2.5,'1900-01-01 00:00:00'),(1429,0,2.5,'1900-01-01 00:00:00'),(1430,997,2.5,'1900-01-01 00:00:00'),(1431,2,2.99,'1900-01-01 00:00:00'),(1432,0,5.99,'1900-01-01 00:00:00'),(1433,2,2.5,'1900-01-01 00:00:00'),(1434,1,2.5,'1900-01-01 00:00:00'),(1435,3,2.5,'1900-01-01 00:00:00'),(1436,2,2.5,'1900-01-01 00:00:00'),(1437,0,11.99,'1900-01-01 00:00:00'),(1438,0,1.07,'1900-01-01 00:00:00'),(1439,0,43.13,'1900-01-01 00:00:00'),(1440,0,10.25,'1900-01-01 00:00:00'),(1441,0,19.99,'1900-01-01 00:00:00'),(1442,1,31.99,'1900-01-01 00:00:00'),(1443,0,4.25,'1900-01-01 00:00:00'),(1444,1,74.46,'1900-01-01 00:00:00'),(1445,5,25.99,'1900-01-01 00:00:00'),(1446,1,39.84,'1900-01-01 00:00:00'),(1447,1,59.8,'1900-01-01 00:00:00'),(1448,0,3.75,'1900-01-01 00:00:00'),(1449,2,40.86,'1900-01-01 00:00:00'),(1450,0,9,'1900-01-01 00:00:00'),(1451,0,16.75,'1900-01-01 00:00:00'),(1452,6,1.99,'1900-01-01 00:00:00'),(1453,1,32.5,'1900-01-01 00:00:00'),(1454,10,20.95,'1900-01-01 00:00:00'),(1455,12,1.75,'1900-01-01 00:00:00'),(1456,1,56.65,'1900-01-01 00:00:00'),(1457,0,0,'1900-01-01 00:00:00'),(1458,0,35,'1900-01-01 00:00:00'),(1459,7,4.99,'1900-01-01 00:00:00'),(1460,2,35.65,'1900-01-01 00:00:00'),(1461,0,20.99,'1900-01-01 00:00:00'),(1462,1,41.95,'1900-01-01 00:00:00'),(1463,1,47.99,'1900-01-01 00:00:00'),(1464,2,10.99,'1900-01-01 00:00:00'),(1465,9,8.99,'1900-01-01 00:00:00'),(1466,4,15.75,'1900-01-01 00:00:00'),(1467,1,16.36,'1900-01-01 00:00:00'),(1468,1,2.99,'1900-01-01 00:00:00'),(1469,1,46.99,'1900-01-01 00:00:00'),(1470,6,11.99,'1900-01-01 00:00:00'),(1471,0,10.99,'1900-01-01 00:00:00'),(1472,0,15.53,'1900-01-01 00:00:00'),(1473,5,9.99,'1900-01-01 00:00:00'),(1474,0,7.63,'1900-01-01 00:00:00'),(1475,1,10.99,'1900-01-01 00:00:00'),(1476,0,7.75,'1900-01-01 00:00:00'),(1477,4,9.99,'1900-01-01 00:00:00'),(1478,0,1.25,'1900-01-01 00:00:00'),(1479,2,45.09,'1900-01-01 00:00:00'),(1480,0,38,'1900-01-01 00:00:00'),(1481,3,27.45,'1900-01-01 00:00:00'),(1482,0,1.4,'1900-01-01 00:00:00'),(1483,1,1.49,'1900-01-01 00:00:00'),(1484,1,2.99,'1900-01-01 00:00:00'),(1485,1,52.81,'1900-01-01 00:00:00'),(1486,0,30,'1900-01-01 00:00:00'),(1487,11,1.75,'1900-01-01 00:00:00'),(1488,1,30.99,'1900-01-01 00:00:00'),(1489,1,1.99,'1900-01-01 00:00:00'),(1490,0,9,'1900-01-01 00:00:00'),(1491,2,17.53,'1900-01-01 00:00:00'),(1492,1,15.99,'1900-01-01 00:00:00'),(1493,0,12,'1900-01-01 00:00:00'),(1494,2,10.99,'1900-01-01 00:00:00'),(1495,1,15.99,'1900-01-01 00:00:00'),(1496,2,17.53,'1900-01-01 00:00:00'),(1497,2,17.53,'1900-01-01 00:00:00'),(1498,1,17.53,'1900-01-01 00:00:00'),(1499,3,47.99,'1900-01-01 00:00:00'),(1500,0,52,'1900-01-01 00:00:00'),(1501,1,49.99,'1900-01-01 00:00:00'),(1502,2,21.4,'1900-01-01 00:00:00'),(1503,2,21.94,'1900-01-01 00:00:00'),(1504,3,25.99,'1900-01-01 00:00:00'),(1505,0,21.25,'1900-01-01 00:00:00'),(1506,0,15.99,'1900-01-01 00:00:00'),(1507,0,4,'1900-01-01 00:00:00'),(1508,0,27.45,'1900-01-01 00:00:00'),(1509,0,3.75,'1900-01-01 00:00:00'),(1510,0,36.27,'1900-01-01 00:00:00'),(1511,1,44.99,'1900-01-01 00:00:00'),(1512,10,4.99,'1900-01-01 00:00:00'),(1513,2,15.35,'1900-01-01 00:00:00'),(1514,0,28,'1900-01-01 00:00:00'),(1515,0,14.99,'1900-01-01 00:00:00'),(1516,2,18.99,'1900-01-01 00:00:00'),(1517,2,48.24,'1900-01-01 00:00:00'),(1518,2,69.99,'1900-01-01 00:00:00'),(1519,0,6.5,'1900-01-01 00:00:00'),(1520,1,69.99,'1900-01-01 00:00:00'),(1521,0,49.99,'1900-01-01 00:00:00'),(1522,1,199.99,'1900-01-01 00:00:00'),(1523,1,49.99,'1900-01-01 00:00:00'),(1524,0,40.74,'1900-01-01 00:00:00'),(1525,0,54.99,'1900-01-01 00:00:00'),(1526,14,3.5,'1900-01-01 00:00:00'),(1527,0,31.98,'1900-01-01 00:00:00'),(1528,0,14.88,'1900-01-01 00:00:00'),(1529,1,24.485,'1900-01-01 00:00:00'),(1530,0,41.99,'1900-01-01 00:00:00'),(1531,0,40.68,'1900-01-01 00:00:00'),(1532,0,27.25,'1900-01-01 00:00:00'),(1533,1,44.99,'1900-01-01 00:00:00'),(1534,0,1.25,'1900-01-01 00:00:00'),(1535,0,7,'1900-01-01 00:00:00'),(1536,0,25.14,'1900-01-01 00:00:00'),(1537,5,62.99,'1900-01-01 00:00:00'),(1538,2,34.99,'1900-01-01 00:00:00'),(1539,0,17.99,'1900-01-01 00:00:00'),(1540,4,38.8,'1900-01-01 00:00:00'),(1541,21,20,'1900-01-01 00:00:00'),(1542,0,27,'1900-01-01 00:00:00'),(1543,0,1.5,'1900-01-01 00:00:00'),(1544,1,2.99,'1900-01-01 00:00:00'),(1545,2,65.43,'1900-01-01 00:00:00'),(1546,3,40.68,'1900-01-01 00:00:00'),(1547,0,11.25,'1900-01-01 00:00:00'),(1548,0,16.75,'1900-01-01 00:00:00'),(1549,0,15,'1900-01-01 00:00:00'),(1550,0,16,'1900-01-01 00:00:00'),(1551,3,15,'1900-01-01 00:00:00'),(1552,0,15,'1900-01-01 00:00:00'),(1553,0,1.25,'1900-01-01 00:00:00'),(1554,3,14.99,'1900-01-01 00:00:00'),(1555,0,1.99,'1900-01-01 00:00:00'),(1556,0,1.25,'1900-01-01 00:00:00'),(1557,46,1.99,'1900-01-01 00:00:00'),(1558,1,1.75,'1900-01-01 00:00:00'),(1559,1,1.99,'1900-01-01 00:00:00'),(1560,2,89.99,'1900-01-01 00:00:00'),(1561,4,3.25,'1900-01-01 00:00:00'),(1562,6,9,'1900-01-01 00:00:00'),(1563,0,7.63,'1900-01-01 00:00:00'),(1564,0,1.99,'1900-01-01 00:00:00'),(1565,4,1.99,'1900-01-01 00:00:00'),(1566,1,1.69,'1900-01-01 00:00:00'),(1567,2,16.99,'1900-01-01 00:00:00'),(1568,4,40,'1900-01-01 00:00:00'),(1569,2,2.79,'1900-01-01 00:00:00'),(1570,2,8.99,'1900-01-01 00:00:00'),(1571,0,13.99,'1900-01-01 00:00:00'),(1572,2,25.99,'1900-01-01 00:00:00'),(1573,8,13.99,'1900-01-01 00:00:00'),(1574,9,16.75,'1900-01-01 00:00:00'),(1575,7,5.36,'1900-01-01 00:00:00'),(1576,0,8.55,'1900-01-01 00:00:00'),(1577,0,15.99,'1900-01-01 00:00:00'),(1578,0,9.75,'1900-01-01 00:00:00'),(1579,8,0,'1900-01-01 00:00:00'),(1580,1,89.99,'1900-01-01 00:00:00'),(1581,2,14.5,'1900-01-01 00:00:00'),(1582,0,24.99,'1900-01-01 00:00:00'),(1583,1,33.93,'1900-01-01 00:00:00'),(1584,1,21.99,'1900-01-01 00:00:00'),(1585,2,47.99,'1900-01-01 00:00:00'),(1586,0,17.64,'1900-01-01 00:00:00'),(1587,7,11.78429,'1900-01-01 00:00:00'),(1588,0,11.25,'1900-01-01 00:00:00'),(1589,2,39.99,'1900-01-01 00:00:00'),(1590,1,9.99,'1900-01-01 00:00:00'),(1591,0,11.99,'1900-01-01 00:00:00'),(1592,12,19.99,'1900-01-01 00:00:00'),(1593,2,25.99,'1900-01-01 00:00:00'),(1594,0,45.46,'1900-01-01 00:00:00'),(1595,2,33.99,'1900-01-01 00:00:00'),(1596,0,37.75,'1900-01-01 00:00:00'),(1597,0,94.75,'1900-01-01 00:00:00'),(1598,1,45.8,'1900-01-01 00:00:00'),(1599,0,7.3,'1900-01-01 00:00:00'),(1600,1,19.99,'1900-01-01 00:00:00'),(1601,2,2.99,'1900-01-01 00:00:00'),(1602,6,10.99,'1900-01-01 00:00:00'),(1603,2,10.99,'1900-01-01 00:00:00'),(1604,0,6.67,'1900-01-01 00:00:00'),(1605,0,1.99,'1900-01-01 00:00:00'),(1606,1,8.99,'1900-01-01 00:00:00'),(1607,15,11.99,'1900-01-01 00:00:00'),(1608,3,9.99,'1900-01-01 00:00:00'),(1609,2,19.99,'1900-01-01 00:00:00'),(1610,9,1.75,'1900-01-01 00:00:00'),(1611,0,16,'1900-01-01 00:00:00'),(1612,2,17.99,'1900-01-01 00:00:00'),(1613,1,1.85,'1900-01-01 00:00:00'),(1614,9,1.85,'1900-01-01 00:00:00'),(1615,6,1.85,'1900-01-01 00:00:00'),(1616,1,12.99,'1900-01-01 00:00:00'),(1617,0,4.99,'1900-01-01 00:00:00'),(1618,0,10.33,'1900-01-01 00:00:00'),(1619,2,13.99,'1900-01-01 00:00:00'),(1620,1,29.99,'1900-01-01 00:00:00'),(1621,0,24.3,'1900-01-01 00:00:00'),(1622,8,15.99,'1900-01-01 00:00:00'),(1623,6,20.99,'1900-01-01 00:00:00'),(1624,0,49.99,'1900-01-01 00:00:00'),(1625,2,62.99,'1900-01-01 00:00:00'),(1626,0,14.99,'1900-01-01 00:00:00'),(1627,8,1.99,'1900-01-01 00:00:00'),(1628,7,14.99,'1900-01-01 00:00:00'),(1629,1,2.79,'1900-01-01 00:00:00'),(1630,1,6.99,'1900-01-01 00:00:00'),(1631,9,2.99,'1900-01-01 00:00:00'),(1632,0,35.65,'1900-01-01 00:00:00'),(1633,0,2,'1900-01-01 00:00:00'),(1634,2,47.28,'1900-01-01 00:00:00'),(1635,0,34.99,'1900-01-01 00:00:00'),(1636,0,22.09,'1900-01-01 00:00:00'),(1637,1,29.99,'1900-01-01 00:00:00'),(1638,1,3.99,'1900-01-01 00:00:00'),(1639,100,4034.693,'1900-01-01 00:00:00'),(1640,1,24.99,'1900-01-01 00:00:00'),(1641,3,1.85,'1900-01-01 00:00:00'),(1642,0,11.5,'1900-01-01 00:00:00'),(1643,50,1.95,'1900-01-01 00:00:00'),(1644,1,11.99,'1900-01-01 00:00:00'),(1645,1,3.99,'1900-01-01 00:00:00'),(1646,0,0,'1900-01-01 00:00:00'),(1647,1,12.99,'1900-01-01 00:00:00'),(1648,1,2.69,'1900-01-01 00:00:00'),(1649,10,13.99,'1900-01-01 00:00:00'),(1650,15,9,'1900-01-01 00:00:00'),(1651,1,30.99,'1900-01-01 00:00:00'),(1652,0,0,'1900-01-01 00:00:00'),(1653,0,69.99,'1900-01-01 00:00:00'),(1654,1,1.99,'1900-01-01 00:00:00'),(1655,1,15.99,'1900-01-01 00:00:00'),(1656,0,11.67,'1900-01-01 00:00:00'),(1657,2,3.99,'1900-01-01 00:00:00'),(1658,2,35.65,'1900-01-01 00:00:00'),(1659,18,3.75,'1900-01-01 00:00:00'),(1660,1,28.3,'1900-01-01 00:00:00'),(1661,1,26.99,'1900-01-01 00:00:00'),(1662,7,21,'1900-01-01 00:00:00'),(1663,5,11.99,'1900-01-01 00:00:00'),(1664,5,12,'1900-01-01 00:00:00'),(1665,0,11.55,'1900-01-01 00:00:00'),(1666,10,16.99,'1900-01-01 00:00:00'),(1667,0,13.99,'1900-01-01 00:00:00'),(1668,4,15.99,'1900-01-01 00:00:00'),(1669,3,16.99,'1900-01-01 00:00:00'),(1670,0,5.99,'1900-01-01 00:00:00'),(1671,0,8,'1900-01-01 00:00:00'),(1672,5,10.99,'1900-01-01 00:00:00'),(1673,7,4.99,'1900-01-01 00:00:00'),(1674,3,13.99,'1900-01-01 00:00:00'),(1675,0,13.99,'1900-01-01 00:00:00'),(1676,0,10.5,'1900-01-01 00:00:00'),(1677,0,18,'1900-01-01 00:00:00'),(1678,0,11,'1900-01-01 00:00:00'),(1679,1,11.99,'1900-01-01 00:00:00'),(1680,2,13.99,'1900-01-01 00:00:00'),(1681,1,14.99,'1900-01-01 00:00:00'),(1682,1,12.99,'1900-01-01 00:00:00'),(1683,7,11.99,'1900-01-01 00:00:00'),(1684,1,13.99,'1900-01-01 00:00:00'),(1685,1,7.99,'1900-01-01 00:00:00'),(1686,1,10.99,'1900-01-01 00:00:00'),(1687,0,18.63,'1900-01-01 00:00:00'),(1688,0,29.99,'1900-01-01 00:00:00'),(1689,0,28.34,'1900-01-01 00:00:00'),(1690,2,17.99,'1900-01-01 00:00:00'),(1691,20,17.5,'1900-01-01 00:00:00'),(1692,2,27.76,'1900-01-01 00:00:00'),(1693,3,1.99,'1900-01-01 00:00:00'),(1694,6,1.99,'1900-01-01 00:00:00'),(1695,2,14.99,'1900-01-01 00:00:00'),(1696,2,16.75,'1900-01-01 00:00:00'),(1697,1,24.09,'1900-01-01 00:00:00'),(1698,12,1.85,'1900-01-01 00:00:00'),(1699,2,15.99,'1900-01-01 00:00:00'),(1700,0,2.99,'1900-01-01 00:00:00'),(1701,0,15.99,'1900-01-01 00:00:00'),(1702,0,13,'1900-01-01 00:00:00'),(1703,1,23.05,'1900-01-01 00:00:00'),(1704,1,45.5,'1900-01-01 00:00:00'),(1705,4,11.99,'1900-01-01 00:00:00'),(1706,0,1.5,'1900-01-01 00:00:00'),(1707,0,1.25,'1900-01-01 00:00:00'),(1708,0,19.99,'1900-01-01 00:00:00'),(1709,0,8,'1900-01-01 00:00:00'),(1710,0,9,'1900-01-01 00:00:00'),(1711,0,5,'1900-01-01 00:00:00'),(1712,7,13.99,'1900-01-01 00:00:00'),(1713,0,14.99,'1900-01-01 00:00:00'),(1714,10,5.75,'1900-01-01 00:00:00'),(1715,2,5.75,'1900-01-01 00:00:00'),(1716,0,1.45,'1900-01-01 00:00:00'),(1717,3,68.99,'1900-01-01 00:00:00'),(1718,1,18.99,'1900-01-01 00:00:00'),(1719,21,1.99,'1900-01-01 00:00:00'),(1720,11,1.99,'1900-01-01 00:00:00'),(1721,0,8.75,'1900-01-01 00:00:00'),(1722,1,9.99,'1900-01-01 00:00:00'),(1723,1,1.99,'1900-01-01 00:00:00'),(1724,1,25.02,'1900-01-01 00:00:00'),(1725,2,24.1,'1900-01-01 00:00:00'),(1726,0,24.81,'1900-01-01 00:00:00'),(1727,0,1.4,'1900-01-01 00:00:00'),(1728,1,4,'1900-01-01 00:00:00'),(1729,0,24.1,'1900-01-01 00:00:00'),(1730,12,1.99,'1900-01-01 00:00:00'),(1731,0,29.35,'1900-01-01 00:00:00'),(1732,1,38.99,'1900-01-01 00:00:00'),(1733,0,6.25,'1900-01-01 00:00:00'),(1734,0,48.99,'1900-01-01 00:00:00'),(1735,1,34.25,'1900-01-01 00:00:00'),(1736,0,15.68,'1900-01-01 00:00:00'),(1737,0,15.4,'1900-01-01 00:00:00'),(1738,0,7.99,'1900-01-01 00:00:00'),(1739,0,1.4,'1900-01-01 00:00:00'),(1740,0,10.13,'1900-01-01 00:00:00'),(1741,0,52.74,'1900-01-01 00:00:00'),(1742,1,33.55,'1900-01-01 00:00:00'),(1743,0,76.74,'1900-01-01 00:00:00'),(1744,0,62.5,'1900-01-01 00:00:00'),(1745,1,11.99,'1900-01-01 00:00:00'),(1746,0,13.5,'1900-01-01 00:00:00'),(1747,7,18.99,'1900-01-01 00:00:00'),(1748,0,12.75,'1900-01-01 00:00:00'),(1749,9,1.85,'1900-01-01 00:00:00'),(1750,0,68.99,'1900-01-01 00:00:00'),(1751,49,1.85,'1900-01-01 00:00:00'),(1752,2,14.99,'1900-01-01 00:00:00'),(1753,1,11.29,'1900-01-01 00:00:00'),(1754,1,10.99,'1900-01-01 00:00:00'),(1755,8,19.99,'1900-01-01 00:00:00'),(1756,0,1.4,'1900-01-01 00:00:00'),(1757,0,11.5,'1900-01-01 00:00:00'),(1758,1,15.99,'1900-01-01 00:00:00'),(1759,0,11.5,'1900-01-01 00:00:00'),(1760,4,39.99,'1900-01-01 00:00:00'),(1761,2,1.75,'1900-01-01 00:00:00'),(1762,5,1.99,'1900-01-01 00:00:00'),(1763,1,1.75,'1900-01-01 00:00:00'),(1764,0,1.5,'1900-01-01 00:00:00'),(1765,1,28.24,'1900-01-01 00:00:00'),(1766,4,8.05,'1900-01-01 00:00:00'),(1767,13,11.99,'1900-01-01 00:00:00'),(1768,11,11.99,'1900-01-01 00:00:00'),(1769,1,11.5,'1900-01-01 00:00:00'),(1770,11,7.5,'1900-01-01 00:00:00'),(1771,8,10.99,'1900-01-01 00:00:00'),(1772,1,15.5,'1900-01-01 00:00:00'),(1773,7,39.99,'1900-01-01 00:00:00'),(1774,1,13.75,'1900-01-01 00:00:00'),(1775,1,14.99,'1900-01-01 00:00:00'),(1776,8,22,'1900-01-01 00:00:00'),(1777,0,17,'1900-01-01 00:00:00'),(1778,11,12.5,'1900-01-01 00:00:00'),(1779,3,11.99,'1900-01-01 00:00:00'),(1780,0,1.99,'1900-01-01 00:00:00'),(1781,1,10.75,'1900-01-01 00:00:00'),(1782,2,7.75,'1900-01-01 00:00:00'),(1783,0,1.99,'1900-01-01 00:00:00'),(1784,0,7.72,'1900-01-01 00:00:00'),(1785,3,7.75,'1900-01-01 00:00:00'),(1786,7,7.99,'1900-01-01 00:00:00'),(1787,1,10.99,'1900-01-01 00:00:00'),(1788,1,15.99,'1900-01-01 00:00:00'),(1789,2,15.99,'1900-01-01 00:00:00'),(1790,0,15.99,'1900-01-01 00:00:00'),(1791,1,21.99,'1900-01-01 00:00:00'),(1792,0,24.09,'1900-01-01 00:00:00'),(1793,1,1.75,'1900-01-01 00:00:00'),(1794,1,9.5,'1900-01-01 00:00:00'),(1795,0,8,'1900-01-01 00:00:00'),(1796,0,3.53,'1900-01-01 00:00:00'),(1797,2,1.99,'1900-01-01 00:00:00'),(1798,4,12.99,'1900-01-01 00:00:00'),(1799,1,52,'1900-01-01 00:00:00'),(1800,1,10.99,'1900-01-01 00:00:00'),(1801,0,11.99,'1900-01-01 00:00:00'),(1802,3,99.99,'1900-01-01 00:00:00'),(1803,2,26.6,'1900-01-01 00:00:00'),(1804,10,8.25,'1900-01-01 00:00:00'),(1805,1,32.49,'1900-01-01 00:00:00'),(1806,4,2.5,'1900-01-01 00:00:00'),(1807,1,31.44,'1900-01-01 00:00:00'),(1808,0,17.79,'1900-01-01 00:00:00'),(1809,0,23.04,'1900-01-01 00:00:00'),(1810,4,1.85,'1900-01-01 00:00:00'),(1811,1,28.99,'1900-01-01 00:00:00'),(1812,6,10.5,'1900-01-01 00:00:00'),(1813,0,18.66,'1900-01-01 00:00:00'),(1814,1,49.99,'1900-01-01 00:00:00'),(1815,2,9.99,'1900-01-01 00:00:00'),(1816,0,11,'1900-01-01 00:00:00'),(1817,0,7,'1900-01-01 00:00:00'),(1818,4,62.99,'1900-01-01 00:00:00'),(1819,2,8.99,'1900-01-01 00:00:00'),(1820,8,14.99,'1900-01-01 00:00:00'),(1821,2,8.5,'1900-01-01 00:00:00'),(1822,1,2.99,'1900-01-01 00:00:00'),(1823,1,3.99,'1900-01-01 00:00:00'),(1824,1,10.99,'1900-01-01 00:00:00'),(1825,1,3,'1900-01-01 00:00:00'),(1826,1,22.99,'1900-01-01 00:00:00'),(1827,1,22.25,'1900-01-01 00:00:00'),(1828,0,22.99,'1900-01-01 00:00:00'),(1829,1,14.5,'1900-01-01 00:00:00'),(1830,0,9.99,'1900-01-01 00:00:00'),(1831,4,14.75,'1900-01-01 00:00:00'),(1832,0,13.99,'1900-01-01 00:00:00'),(1833,1,15.75,'1900-01-01 00:00:00'),(1834,5,14.99,'1900-01-01 00:00:00'),(1835,0,12.91,'1900-01-01 00:00:00'),(1836,1,17.25,'1900-01-01 00:00:00'),(1837,0,8.44,'1900-01-01 00:00:00'),(1838,6,2.49,'1900-01-01 00:00:00'),(1839,8,25.99,'1900-01-01 00:00:00'),(1840,5,38.99,'1900-01-01 00:00:00'),(1841,997,13.99,'1900-01-01 00:00:00'),(1842,0,9.24,'1900-01-01 00:00:00'),(1843,0,12,'1900-01-01 00:00:00'),(1844,1,29.99,'1900-01-01 00:00:00'),(1845,4,12.99,'1900-01-01 00:00:00'),(1846,0,8,'1900-01-01 00:00:00'),(1847,0,29.99,'1900-01-01 00:00:00'),(1848,8,10.5,'1900-01-01 00:00:00'),(1849,15,10,'1900-01-01 00:00:00'),(1850,13,15,'1900-01-01 00:00:00'),(1851,7,49.99,'1900-01-01 00:00:00'),(1852,0,0,'1900-01-01 00:00:00'),(1853,10,23.99,'1900-01-01 00:00:00'),(1854,6,18.99,'1900-01-01 00:00:00'),(1855,3,21.99,'1900-01-01 00:00:00'),(1856,1,56.99,'1900-01-01 00:00:00'),(1857,6,27.99,'1900-01-01 00:00:00'),(1858,1,89.99,'1900-01-01 00:00:00'),(1859,6,19.99,'1900-01-01 00:00:00'),(1860,5,18.99,'1900-01-01 00:00:00'),(1861,7,24.99,'1900-01-01 00:00:00'),(1862,7,18.99,'1900-01-01 00:00:00'),(1863,8,11.99,'1900-01-01 00:00:00'),(1864,6,15.99,'1900-01-01 00:00:00'),(1865,4,16.99,'1900-01-01 00:00:00'),(1866,12,23.99,'1900-01-01 00:00:00'),(1867,4,13.25,'1900-01-01 00:00:00'),(1868,2,12.99,'1900-01-01 00:00:00'),(1869,1,11.99,'1900-01-01 00:00:00'),(1870,1,17.99,'1900-01-01 00:00:00'),(1871,11,25.68,'1900-01-01 00:00:00'),(1872,2,36.91,'1900-01-01 00:00:00'),(1873,1,26.99,'1900-01-01 00:00:00'),(1874,1,53.99,'1900-01-01 00:00:00'),(1875,2,7.99,'1900-01-01 00:00:00'),(1876,1,12.99,'1900-01-01 00:00:00'),(1877,2,2.99,'1900-01-01 00:00:00'),(1878,1,180,'1900-01-01 00:00:00'),(1879,1,79.99,'1900-01-01 00:00:00'),(1880,1,124.99,'1900-01-01 00:00:00'),(1881,1,115,'1900-01-01 00:00:00'),(1882,2,49.99,'1900-01-01 00:00:00'),(1883,2,49.99,'1900-01-01 00:00:00'),(1884,1,72.99,'1900-01-01 00:00:00'),(1885,1,19.99,'1900-01-01 00:00:00'),(1886,4,19.99,'1900-01-01 00:00:00'),(1887,0,8.49,'1900-01-01 00:00:00'),(1888,1,174,'1900-01-01 00:00:00'),(1890,11,2.69,'1900-01-01 00:00:00'),(1891,2,2.69,'1900-01-01 00:00:00'),(1892,1,13.99,'1900-01-01 00:00:00'),(1893,12,0,'1900-01-01 00:00:00'),(1894,6,4.99,'1900-01-01 00:00:00'),(1895,0,12,'1900-01-01 00:00:00'),(1896,3,24.1,'1900-01-01 00:00:00'),(1897,1,4.99,'1900-01-01 00:00:00'),(1898,1,6.99,'1900-01-01 00:00:00'),(1899,1,12.99,'1900-01-01 00:00:00'),(1900,0,11,'1900-01-01 00:00:00'),(1901,2,12.99,'1900-01-01 00:00:00'),(1902,0,10,'1900-01-01 00:00:00'),(1903,0,10,'1900-01-01 00:00:00'),(1904,0,14.99,'1900-01-01 00:00:00'),(1905,0,9,'1900-01-01 00:00:00'),(1906,3,13.99,'1900-01-01 00:00:00'),(1907,0,37.75,'1900-01-01 00:00:00'),(1908,0,1.99,'1900-01-01 00:00:00'),(1909,1,12.99,'1900-01-01 00:00:00'),(1910,0,6,'1900-01-01 00:00:00'),(1911,0,49.99,'1900-01-01 00:00:00'),(1912,0,10,'1900-01-01 00:00:00'),(1913,1,9.99,'1900-01-01 00:00:00'),(1914,3,9.99,'1900-01-01 00:00:00'),(1915,0,7.5,'1900-01-01 00:00:00'),(1916,1,12.99,'1900-01-01 00:00:00'),(1917,0,9.99,'1900-01-01 00:00:00'),(1918,5,48.25,'1900-01-01 00:00:00'),(1919,0,10.99,'1900-01-01 00:00:00'),(1920,0,1.99,'1900-01-01 00:00:00'),(1921,0,16.75,'1900-01-01 00:00:00'),(1922,5,16.75,'1900-01-01 00:00:00'),(1923,0,45,'1900-01-01 00:00:00'),(1924,2,19.99,'1900-01-01 00:00:00'),(1925,25,15.99,'1900-01-01 00:00:00'),(1926,1,15.99,'1900-01-01 00:00:00'),(1927,1,56.99,'1900-01-01 00:00:00'),(1928,0,9.5,'1900-01-01 00:00:00'),(1929,1,99.99,'1900-01-01 00:00:00'),(1930,1,11.99,'1900-01-01 00:00:00'),(1931,0,6.99,'1900-01-01 00:00:00'),(1933,2,9.99,'1900-01-01 00:00:00'),(1934,1,5.99,'1900-01-01 00:00:00'),(1935,5,5.99,'1900-01-01 00:00:00'),(1936,2,6.99,'1900-01-01 00:00:00'),(1937,1,6.99,'1900-01-01 00:00:00'),(1938,4,13.99,'1900-01-01 00:00:00'),(1939,2,20.99,'1900-01-01 00:00:00'),(1940,0,3.99,'1900-01-01 00:00:00'),(1941,0,3.99,'1900-01-01 00:00:00'),(1942,2,3.99,'1900-01-01 00:00:00'),(1943,0,3.75,'1900-01-01 00:00:00'),(1944,0,3.99,'1900-01-01 00:00:00'),(1945,0,3.75,'1900-01-01 00:00:00'),(1946,0,2,'1900-01-01 00:00:00'),(1947,0,2,'1900-01-01 00:00:00'),(1948,0,2,'1900-01-01 00:00:00'),(1949,0,2,'1900-01-01 00:00:00'),(1950,0,2,'1900-01-01 00:00:00'),(1951,0,2,'1900-01-01 00:00:00'),(1952,0,2,'1900-01-01 00:00:00'),(1953,0,2,'1900-01-01 00:00:00'),(1954,0,2,'1900-01-01 00:00:00'),(1955,0,2,'1900-01-01 00:00:00'),(1956,0,2.99,'1900-01-01 00:00:00'),(1957,2,8.99,'1900-01-01 00:00:00'),(1958,3,6.99,'1900-01-01 00:00:00'),(1959,1,8.99,'1900-01-01 00:00:00'),(1960,1,7.99,'1900-01-01 00:00:00'),(1961,1,9.99,'1900-01-01 00:00:00'),(1962,0,3.99,'1900-01-01 00:00:00'),(1963,3,3.99,'1900-01-01 00:00:00'),(1964,0,1.89,'1900-01-01 00:00:00'),(1965,1,4.5,'1900-01-01 00:00:00'),(1966,1,7,'1900-01-01 00:00:00'),(1967,0,6.99,'1900-01-01 00:00:00'),(1968,1,2.59,'1900-01-01 00:00:00'),(1969,2,2.49,'1900-01-01 00:00:00'),(1970,5,2.59,'1900-01-01 00:00:00'),(1971,0,1.75,'1900-01-01 00:00:00'),(1972,0,1.75,'1900-01-01 00:00:00'),(1973,0,1.75,'1900-01-01 00:00:00'),(1974,0,1.75,'1900-01-01 00:00:00'),(1975,0,1.75,'1900-01-01 00:00:00'),(1976,0,1.75,'1900-01-01 00:00:00'),(1977,0,3,'1900-01-01 00:00:00'),(1978,1,3.99,'1900-01-01 00:00:00'),(1979,0,1.99,'1900-01-01 00:00:00'),(1980,0,6,'1900-01-01 00:00:00'),(1981,0,1.75,'1900-01-01 00:00:00'),(1982,1,4.99,'1900-01-01 00:00:00'),(1983,0,3.59,'1900-01-01 00:00:00'),(1984,1,4.99,'1900-01-01 00:00:00'),(1985,1,2.99,'1900-01-01 00:00:00'),(1986,1,6.99,'1900-01-01 00:00:00'),(1987,0,15,'1900-01-01 00:00:00'),(1988,0,10,'1900-01-01 00:00:00'),(1989,0,10,'1900-01-01 00:00:00'),(1990,7,22.99,'1900-01-01 00:00:00'),(1991,0,0.03,'1900-01-01 00:00:00'),(1992,1,67.99,'1900-01-01 00:00:00'),(1993,0,5,'1900-01-01 00:00:00'),(1994,0,9,'1900-01-01 00:00:00'),(1995,1,13.99,'1900-01-01 00:00:00'),(1996,8,12.99,'1900-01-01 00:00:00'),(1997,0,8.25,'1900-01-01 00:00:00'),(1998,7,10,'1900-01-01 00:00:00'),(1999,10,9.35,'1900-01-01 00:00:00'),(2000,10,12.99,'1900-01-01 00:00:00'),(2002,6,14.99,'1900-01-01 00:00:00'),(2003,1,4.99,'1900-01-01 00:00:00'),(2004,9,18.99,'1900-01-01 00:00:00'),(2005,2,19.99,'1900-01-01 00:00:00'),(2006,1,14.99,'1900-01-01 00:00:00'),(2007,1,12.99,'1900-01-01 00:00:00'),(2008,0,12.99,'1900-01-01 00:00:00'),(2009,3,11.99,'1900-01-01 00:00:00'),(2010,0,14.99,'1900-01-01 00:00:00'),(2011,0,10.99,'1900-01-01 00:00:00'),(2012,7,49.99,'1900-01-01 00:00:00'),(2013,1,11.99,'1900-01-01 00:00:00'),(2014,1,11.99,'1900-01-01 00:00:00'),(2015,0,9,'1900-01-01 00:00:00'),(2016,1,9.99,'1900-01-01 00:00:00'),(2017,3,3.75,'1900-01-01 00:00:00'),(2018,1,1.99,'1900-01-01 00:00:00'),(2019,0,1.5,'1900-01-01 00:00:00'),(2020,3,5.99,'1900-01-01 00:00:00'),(2021,3,16.99,'1900-01-01 00:00:00'),(2022,1,2.99,'1900-01-01 00:00:00'),(2023,1,11.99,'1900-01-01 00:00:00'),(2024,5,5.5,'1900-01-01 00:00:00'),(2025,0,26.56,'1900-01-01 00:00:00'),(2026,1,39.88,'1900-01-01 00:00:00'),(2027,0,8.63,'1900-01-01 00:00:00'),(2028,0,2.5,'1900-01-01 00:00:00'),(2029,1,34.54,'1900-01-01 00:00:00'),(2030,1,17.99,'1900-01-01 00:00:00'),(2031,1,9.95,'1900-01-01 00:00:00'),(2032,6,10.99,'1900-01-01 00:00:00'),(2033,1,1,'1900-01-01 00:00:00'),(2034,1,14.99,'1900-01-01 00:00:00'),(2035,2,9.99,'1900-01-01 00:00:00'),(2036,2,9.99,'1900-01-01 00:00:00'),(2037,1,18.99,'1900-01-01 00:00:00'),(2038,11,19.5,'1900-01-01 00:00:00'),(2039,1,1.99,'1900-01-01 00:00:00'),(2040,3,1.99,'1900-01-01 00:00:00'),(2041,0,14,'1900-01-01 00:00:00'),(2042,0,16.8,'1900-01-01 00:00:00'),(2043,0,16.8,'1900-01-01 00:00:00'),(2044,0,1.5,'1900-01-01 00:00:00'),(2045,1,1.99,'1900-01-01 00:00:00'),(2046,1,1.99,'1900-01-01 00:00:00'),(2047,0,1.99,'1900-01-01 00:00:00'),(2048,1,1.99,'1900-01-01 00:00:00'),(2049,0,4.99,'1900-01-01 00:00:00'),(2050,3,2.99,'1900-01-01 00:00:00'),(2051,1,2.99,'1900-01-01 00:00:00'),(2052,16,8.99,'1900-01-01 00:00:00'),(2053,2,3.99,'1900-01-01 00:00:00'),(2054,4,2.99,'1900-01-01 00:00:00'),(2055,2,3.99,'1900-01-01 00:00:00'),(2056,0,2.49,'1900-01-01 00:00:00'),(2057,6,2.49,'1900-01-01 00:00:00'),(2058,2,2.99,'1900-01-01 00:00:00'),(2059,5,3.99,'1900-01-01 00:00:00'),(2060,1,1.99,'1900-01-01 00:00:00'),(2061,1,2.99,'1900-01-01 00:00:00'),(2062,1,2.99,'1900-01-01 00:00:00'),(2063,1,2.99,'1900-01-01 00:00:00'),(2064,1,2.99,'1900-01-01 00:00:00'),(2065,1,2.99,'1900-01-01 00:00:00'),(2066,1,2.99,'1900-01-01 00:00:00'),(2067,10,3.99,'1900-01-01 00:00:00'),(2068,0,1.5,'1900-01-01 00:00:00'),(2069,0,1.5,'1900-01-01 00:00:00'),(2070,0,1.5,'1900-01-01 00:00:00'),(2071,1,2.99,'1900-01-01 00:00:00'),(2072,0,1.5,'1900-01-01 00:00:00'),(2073,0,1.5,'1900-01-01 00:00:00'),(2074,1,4.99,'1900-01-01 00:00:00'),(2075,0,1.25,'1900-01-01 00:00:00'),(2076,1,1.99,'1900-01-01 00:00:00'),(2077,1,2.99,'1900-01-01 00:00:00'),(2078,0,1.5,'1900-01-01 00:00:00'),(2079,0,1.5,'1900-01-01 00:00:00'),(2080,1,2.99,'1900-01-01 00:00:00'),(2081,0,1.5,'1900-01-01 00:00:00'),(2082,2,2.99,'1900-01-01 00:00:00'),(2083,0,1.5,'1900-01-01 00:00:00'),(2084,0,1.5,'1900-01-01 00:00:00'),(2085,1,2.99,'1900-01-01 00:00:00'),(2086,0,1.5,'1900-01-01 00:00:00'),(2087,4,3.99,'1900-01-01 00:00:00'),(2088,2,3.99,'1900-01-01 00:00:00'),(2089,0,1.5,'1900-01-01 00:00:00'),(2090,0,1.5,'1900-01-01 00:00:00'),(2091,0,2.99,'1900-01-01 00:00:00'),(2092,1,2.99,'1900-01-01 00:00:00'),(2093,1,2.99,'1900-01-01 00:00:00'),(2094,1,2.89,'1900-01-01 00:00:00'),(2095,1,2.99,'1900-01-01 00:00:00'),(2096,0,1.25,'1900-01-01 00:00:00'),(2097,2,6.99,'1900-01-01 00:00:00'),(2098,1,3.99,'1900-01-01 00:00:00'),(2099,0,10,'1900-01-01 00:00:00'),(2100,0,9.75,'1900-01-01 00:00:00'),(2101,0,10,'1900-01-01 00:00:00'),(2102,1,14.75,'1900-01-01 00:00:00'),(2103,2,15.99,'1900-01-01 00:00:00'),(2104,1,9.99,'1900-01-01 00:00:00'),(2105,0,7,'1900-01-01 00:00:00'),(2106,0,9,'1900-01-01 00:00:00'),(2107,0,2.56,'1900-01-01 00:00:00'),(2108,1,49.96,'1900-01-01 00:00:00'),(2109,6,18.99,'1900-01-01 00:00:00'),(2110,6,29.99,'1900-01-01 00:00:00'),(2111,1,16.99,'1900-01-01 00:00:00'),(2112,0,1.5,'1900-01-01 00:00:00'),(2113,0,1.5,'1900-01-01 00:00:00'),(2114,0,10,'1900-01-01 00:00:00'),(2115,0,20,'1900-01-01 00:00:00'),(2116,0,3.37,'1900-01-01 00:00:00'),(2117,2,12.99,'1900-01-01 00:00:00'),(2118,0,9.5,'1900-01-01 00:00:00'),(2119,4,14.99,'1900-01-01 00:00:00'),(2120,1,3.99,'1900-01-01 00:00:00'),(2121,1,2.99,'1900-01-01 00:00:00'),(2122,1,10.99,'1900-01-01 00:00:00'),(2123,1,13.99,'1900-01-01 00:00:00'),(2124,1,19.99,'1900-01-01 00:00:00'),(2125,1,14.99,'1900-01-01 00:00:00'),(2126,0,13.5,'1900-01-01 00:00:00'),(2127,0,11.99,'1900-01-01 00:00:00'),(2128,4,44.99,'1900-01-01 00:00:00'),(2129,3,53.99,'1900-01-01 00:00:00'),(2130,3,36.99,'1900-01-01 00:00:00'),(2131,1,62.99,'1900-01-01 00:00:00'),(2132,8,11.99,'1900-01-01 00:00:00'),(2133,1,15.99,'1900-01-01 00:00:00'),(2134,1,14.99,'1900-01-01 00:00:00'),(2135,1,11.99,'1900-01-01 00:00:00'),(2136,1,3.99,'1900-01-01 00:00:00'),(2137,0,8,'1900-01-01 00:00:00'),(2138,2,20.99,'1900-01-01 00:00:00'),(2139,0,16.8,'1900-01-01 00:00:00'),(2140,5,35.99,'1900-01-01 00:00:00'),(2141,1,44.99,'1900-01-01 00:00:00'),(2142,8,1.79,'1900-01-01 00:00:00'),(2143,1,37.99,'1900-01-01 00:00:00'),(2144,3,18.99,'1900-01-01 00:00:00'),(2145,1,13.99,'1900-01-01 00:00:00'),(2146,2,24.99,'1900-01-01 00:00:00'),(2147,1,23.99,'1900-01-01 00:00:00'),(2148,1,1.99,'1900-01-01 00:00:00'),(2149,2,10.25,'1900-01-01 00:00:00'),(2150,3,19.99,'1900-01-01 00:00:00'),(2151,1,12.99,'1900-01-01 00:00:00'),(2152,4,20.99,'1900-01-01 00:00:00'),(2153,0,12,'1900-01-01 00:00:00'),(2154,1,11.55,'1900-01-01 00:00:00'),(2155,1,79.99,'1900-01-01 00:00:00'),(2156,1,6.99,'1900-01-01 00:00:00'),(2157,1,5.99,'1900-01-01 00:00:00'),(2158,0,6,'1900-01-01 00:00:00'),(2159,4,8.99,'1900-01-01 00:00:00'),(2160,1,7.99,'1900-01-01 00:00:00'),(2161,1,4.99,'1900-01-01 00:00:00'),(2162,5,26.99,'1900-01-01 00:00:00'),(2163,0,21.99,'1900-01-01 00:00:00'),(2164,7,17.99,'1900-01-01 00:00:00'),(2165,0,11.99,'1900-01-01 00:00:00'),(2166,9,13.99,'1900-01-01 00:00:00'),(2167,4,5.99,'1900-01-01 00:00:00'),(2168,1,19.99,'1900-01-01 00:00:00'),(2169,10,2.89,'1900-01-01 00:00:00'),(2170,3,20.99,'1900-01-01 00:00:00'),(2171,1,42.99,'1900-01-01 00:00:00'),(2172,1,59.99,'1900-01-01 00:00:00'),(2173,1,31.99,'1900-01-01 00:00:00'),(2174,0,1.75,'1900-01-01 00:00:00'),(2175,0,1.25,'1900-01-01 00:00:00'),(2176,0,20.99,'1900-01-01 00:00:00'),(2177,1,26.99,'1900-01-01 00:00:00'),(2178,0,23.05,'1900-01-01 00:00:00'),(2179,1,42,'1900-01-01 00:00:00'),(2180,1,30.99,'1900-01-01 00:00:00'),(2181,1,31.45,'1900-01-01 00:00:00'),(2182,1,20.99,'1900-01-01 00:00:00'),(2183,4,15.99,'1900-01-01 00:00:00'),(2184,1,57.7,'1900-01-01 00:00:00'),(2185,0,5,'1900-01-01 00:00:00'),(2186,0,15.38,'1900-01-01 00:00:00'),(2187,0,1.25,'1900-01-01 00:00:00'),(2188,0,8.25,'1900-01-01 00:00:00'),(2189,1,8.99,'1900-01-01 00:00:00'),(2190,0,7.25,'1900-01-01 00:00:00'),(2191,1,36.99,'1900-01-01 00:00:00'),(2192,0,12.99,'1900-01-01 00:00:00'),(2193,2,10.99,'1900-01-01 00:00:00'),(2194,1,10.99,'1900-01-01 00:00:00'),(2195,6,8.99,'1900-01-01 00:00:00'),(2196,4,10.99,'1900-01-01 00:00:00'),(2197,0,9,'1900-01-01 00:00:00'),(2198,0,1.99,'1900-01-01 00:00:00'),(2199,3,10.99,'1900-01-01 00:00:00'),(2200,3,10.99,'1900-01-01 00:00:00'),(2201,9,15.99,'1900-01-01 00:00:00'),(2202,997,14.99,'1900-01-01 00:00:00'),(2203,1,49.99,'1900-01-01 00:00:00'),(2204,4,25.99,'1900-01-01 00:00:00'),(2205,1,20.99,'1900-01-01 00:00:00'),(2206,4,21.99,'1900-01-01 00:00:00'),(2207,2,7.99,'1900-01-01 00:00:00'),(2208,0,12,'1900-01-01 00:00:00'),(2209,0,2.99,'1900-01-01 00:00:00'),(2210,2,10.99,'1900-01-01 00:00:00'),(2211,4,6.99,'1900-01-01 00:00:00'),(2212,1,4.99,'1900-01-01 00:00:00'),(2213,1,4.99,'1900-01-01 00:00:00'),(2214,10,10.99,'1900-01-01 00:00:00'),(2215,5,7.99,'1900-01-01 00:00:00'),(2216,1,5.99,'1900-01-01 00:00:00'),(2217,2,4.75,'1900-01-01 00:00:00'),(2218,1,10.99,'1900-01-01 00:00:00'),(2219,0,9.75,'1900-01-01 00:00:00'),(2220,1,35.99,'1900-01-01 00:00:00'),(2221,4,16.99,'1900-01-01 00:00:00'),(2222,3,39.99,'1900-01-01 00:00:00'),(2223,3,2.99,'1900-01-01 00:00:00'),(2224,1,1.99,'1900-01-01 00:00:00'),(2225,1,10.99,'1900-01-01 00:00:00'),(2226,2,15.99,'1900-01-01 00:00:00'),(2227,1,3.99,'1900-01-01 00:00:00'),(2228,2,14.99,'1900-01-01 00:00:00'),(2229,0,55.99,'1900-01-01 00:00:00'),(2230,1,19.99,'1900-01-01 00:00:00'),(2231,1,5.99,'1900-01-01 00:00:00'),(2232,9,14.99,'1900-01-01 00:00:00'),(2233,0,13.99,'1900-01-01 00:00:00'),(2234,1,9.99,'1900-01-01 00:00:00'),(2235,0,17.99,'1900-01-01 00:00:00'),(2236,0,13.5,'1900-01-01 00:00:00'),(2237,1,7.99,'1900-01-01 00:00:00'),(2238,0,38,'1900-01-01 00:00:00'),(2239,0,49.99,'1900-01-01 00:00:00'),(2240,1,52.75,'1900-01-01 00:00:00'),(2241,1,48.99,'1900-01-01 00:00:00'),(2242,0,9.99,'1900-01-01 00:00:00'),(2243,6,7.5,'1900-01-01 00:00:00'),(2244,0,11.99,'1900-01-01 00:00:00'),(2245,1,12.99,'1900-01-01 00:00:00'),(2246,1,12.99,'1900-01-01 00:00:00'),(2247,0,10.99,'1900-01-01 00:00:00'),(2248,1,10.5,'1900-01-01 00:00:00'),(2249,3,0.35,'1900-01-01 00:00:00'),(2250,1,0.35,'1900-01-01 00:00:00'),(2251,1,3.99,'1900-01-01 00:00:00'),(2252,2,12.75,'1900-01-01 00:00:00'),(2253,1,21.99,'1900-01-01 00:00:00'),(2254,1,19.99,'1900-01-01 00:00:00'),(2255,4,11.99,'1900-01-01 00:00:00'),(2256,1,1.99,'1900-01-01 00:00:00'),(2257,2,29.75,'1900-01-01 00:00:00'),(2258,3,6.99,'1900-01-01 00:00:00'),(2259,10,12.99,'1900-01-01 00:00:00'),(2260,5,12.99,'1900-01-01 00:00:00'),(2261,4,12.99,'1900-01-01 00:00:00'),(2262,0,20.99,'1900-01-01 00:00:00'),(2263,3,17.99,'1900-01-01 00:00:00'),(2264,2,20.99,'1900-01-01 00:00:00'),(2265,8,35.75,'1900-01-01 00:00:00'),(2266,8,14.99,'1900-01-01 00:00:00'),(2267,1,49.99,'1900-01-01 00:00:00'),(2268,1,5.99,'1900-01-01 00:00:00'),(2269,1,15.99,'1900-01-01 00:00:00'),(2270,0,15.99,'1900-01-01 00:00:00'),(2271,10,15.75,'1900-01-01 00:00:00'),(2272,2,12.99,'1900-01-01 00:00:00'),(2273,1,14.99,'1900-01-01 00:00:00'),(2274,1,21.99,'1900-01-01 00:00:00'),(2275,2,10.5,'1900-01-01 00:00:00'),(2276,1,42,'1900-01-01 00:00:00'),(2277,0,10.5,'1900-01-01 00:00:00'),(2278,1,10.99,'1900-01-01 00:00:00'),(2279,1,1.99,'1900-01-01 00:00:00'),(2280,2,10.99,'1900-01-01 00:00:00'),(2281,1,14.99,'1900-01-01 00:00:00'),(2282,9,3.75,'1900-01-01 00:00:00'),(2283,2,3.99,'1900-01-01 00:00:00'),(2284,2,14.99,'1900-01-01 00:00:00'),(2285,3,9.99,'1900-01-01 00:00:00'),(2286,0,2,'1900-01-01 00:00:00'),(2287,0,9.99,'1900-01-01 00:00:00'),(2288,5,23.99,'1900-01-01 00:00:00'),(2289,2,13.99,'1900-01-01 00:00:00'),(2290,2,10.99,'1900-01-01 00:00:00'),(2291,0,10.99,'1900-01-01 00:00:00'),(2292,3,13.99,'1900-01-01 00:00:00'),(2293,1,12.99,'1900-01-01 00:00:00'),(2294,15,2,'1900-01-01 00:00:00'),(2295,12,2.99,'1900-01-01 00:00:00'),(2296,11,11.99,'1900-01-01 00:00:00'),(2297,1,38.99,'1900-01-01 00:00:00'),(2298,0,9,'1900-01-01 00:00:00'),(2299,0,9.42,'1900-01-01 00:00:00'),(2300,1,2.99,'1900-01-01 00:00:00'),(2301,0,35,'1900-01-01 00:00:00'),(2302,6,9,'1900-01-01 00:00:00'),(2303,1,11.99,'1900-01-01 00:00:00'),(2304,1,12.99,'1900-01-01 00:00:00'),(2305,3,16.75,'1900-01-01 00:00:00'),(2306,2,15.99,'1900-01-01 00:00:00'),(2307,2,13.99,'1900-01-01 00:00:00'),(2308,1,9.99,'1900-01-01 00:00:00'),(2309,1,16.99,'1900-01-01 00:00:00'),(2310,4,19.99,'1900-01-01 00:00:00'),(2311,1,18.99,'1900-01-01 00:00:00'),(2312,1,12.99,'1900-01-01 00:00:00'),(2313,1,1.75,'1900-01-01 00:00:00'),(2314,2,79.99,'1900-01-01 00:00:00'),(2315,0,2.99,'1900-01-01 00:00:00'),(2316,1,27.99,'1900-01-01 00:00:00'),(2317,1,3.99,'1900-01-01 00:00:00'),(2318,1,3.99,'1900-01-01 00:00:00'),(2319,1,32.99,'1900-01-01 00:00:00'),(2320,0,15,'1900-01-01 00:00:00'),(2321,2,10.99,'1900-01-01 00:00:00'),(2322,6,13.99,'1900-01-01 00:00:00'),(2323,3,24.99,'1900-01-01 00:00:00'),(2324,0,14.5,'1900-01-01 00:00:00'),(2325,0,13,'1900-01-01 00:00:00'),(2326,0,3.51,'1900-01-01 00:00:00'),(2327,0,33.47,'1900-01-01 00:00:00'),(2328,3,28.3,'1900-01-01 00:00:00'),(2329,0,28.3,'1900-01-01 00:00:00'),(2330,0,17.11,'1900-01-01 00:00:00'),(2331,11,2.75,'1900-01-01 00:00:00'),(2332,0,24.18,'1900-01-01 00:00:00'),(2333,0,3.5,'1900-01-01 00:00:00'),(2334,1,28.99,'1900-01-01 00:00:00'),(2335,1,19.99,'1900-01-01 00:00:00'),(2336,0,9.99,'1900-01-01 00:00:00'),(2337,0,26.88,'1900-01-01 00:00:00'),(2338,1,21.75,'1900-01-01 00:00:00'),(2339,3,20.99,'1900-01-01 00:00:00'),(2340,1,24.99,'1900-01-01 00:00:00'),(2341,0,16.06,'1900-01-01 00:00:00'),(2342,0,25,'1900-01-01 00:00:00'),(2343,0,1.2,'1900-01-01 00:00:00'),(2344,1,66.99,'1900-01-01 00:00:00'),(2345,9,1.89,'1900-01-01 00:00:00'),(2346,1,16,'1900-01-01 00:00:00'),(2347,8,2.99,'1900-01-01 00:00:00'),(2348,4,2.99,'1900-01-01 00:00:00'),(2349,1,2.99,'1900-01-01 00:00:00'),(2350,2,2.99,'1900-01-01 00:00:00'),(2351,2,2.99,'1900-01-01 00:00:00'),(2352,0,4.99,'1900-01-01 00:00:00'),(2353,1,22.99,'1900-01-01 00:00:00'),(2354,0,28.35,'1900-01-01 00:00:00'),(2355,26,3.99,'1900-01-01 00:00:00'),(2356,1,14.99,'1900-01-01 00:00:00'),(2357,3,5.99,'1900-01-01 00:00:00'),(2358,8,20.99,'1900-01-01 00:00:00'),(2359,7,20.99,'1900-01-01 00:00:00'),(2360,3,16.99,'1900-01-01 00:00:00'),(2361,4,20.99,'1900-01-01 00:00:00'),(2362,0,63.75,'1900-01-01 00:00:00'),(2363,3,49.99,'1900-01-01 00:00:00'),(2364,0,10.99,'1900-01-01 00:00:00'),(2365,2,10.99,'1900-01-01 00:00:00'),(2366,3,41.99,'1900-01-01 00:00:00'),(2367,14,16.99,'1900-01-01 00:00:00'),(2368,0,8.997499,'1900-01-01 00:00:00'),(2369,11,13.99,'1900-01-01 00:00:00'),(2370,7,13.99,'1900-01-01 00:00:00'),(2371,3,39.99,'1900-01-01 00:00:00'),(2372,4,12.5,'1900-01-01 00:00:00'),(2373,1,2.99,'1900-01-01 00:00:00'),(2374,1,0,'1900-01-01 00:00:00'),(2375,1,12.99,'1900-01-01 00:00:00'),(2376,1,29.99,'1900-01-01 00:00:00'),(2377,6,9.99,'1900-01-01 00:00:00'),(2378,0,9,'1900-01-01 00:00:00'),(2379,30,16.99,'1900-01-01 00:00:00'),(2380,8,16.99,'1900-01-01 00:00:00'),(2381,5,2.99,'1900-01-01 00:00:00'),(2382,0,7.79,'1900-01-01 00:00:00'),(2383,0,32.49,'1900-01-01 00:00:00'),(2384,2,2.99,'1900-01-01 00:00:00'),(2385,99,2.99,'1900-01-01 00:00:00'),(2386,0,23.49,'1900-01-01 00:00:00'),(2387,2,2.99,'1900-01-01 00:00:00'),(2388,1,49.26,'1900-01-01 00:00:00'),(2389,5,16.5,'1900-01-01 00:00:00'),(2390,0,9.75,'1900-01-01 00:00:00'),(2391,2,2.99,'1900-01-01 00:00:00'),(2392,1,2.75,'1900-01-01 00:00:00'),(2393,1,2.99,'1900-01-01 00:00:00'),(2394,0,128.99,'1900-01-01 00:00:00'),(2395,3,1.99,'1900-01-01 00:00:00'),(2396,1,2.99,'1900-01-01 00:00:00'),(2397,10,4.99,'1900-01-01 00:00:00'),(2398,34,9.92,'1900-01-01 00:00:00'),(2399,1,12.99,'1900-01-01 00:00:00'),(2400,6,20.99,'1900-01-01 00:00:00'),(2401,4,16.99,'1900-01-01 00:00:00'),(2402,4,10.99,'1900-01-01 00:00:00'),(2403,11,9,'1900-01-01 00:00:00'),(2404,0,9.75,'1900-01-01 00:00:00'),(2405,2,13.99,'1900-01-01 00:00:00'),(2406,20,6.99,'1900-01-01 00:00:00'),(2407,23,6.99,'1900-01-01 00:00:00'),(2408,14,6.99,'1900-01-01 00:00:00'),(2409,0,8.75,'1900-01-01 00:00:00'),(2410,0,9,'1900-01-01 00:00:00'),(2411,0,18,'1900-01-01 00:00:00'),(2412,0,37.75,'1900-01-01 00:00:00'),(2413,6,14.99,'1900-01-01 00:00:00'),(2414,0,23,'1900-01-01 00:00:00'),(2415,10,15.5,'1900-01-01 00:00:00'),(2416,0,3,'1900-01-01 00:00:00'),(2417,0,145.99,'1900-01-01 00:00:00'),(2418,0,8,'1900-01-01 00:00:00'),(2419,0,1.99,'1900-01-01 00:00:00'),(2420,0,10.99,'1900-01-01 00:00:00'),(2421,4,12.99,'1900-01-01 00:00:00'),(2422,1,13.99,'1900-01-01 00:00:00'),(2423,2,27.99,'1900-01-01 00:00:00'),(2424,2,22.99,'1900-01-01 00:00:00'),(2425,1,3.99,'1900-01-01 00:00:00'),(2426,0,1.75,'1900-01-01 00:00:00'),(2427,0,11.99,'1900-01-01 00:00:00'),(2428,6,18.99,'1900-01-01 00:00:00'),(2429,0,18.99,'1900-01-01 00:00:00'),(2430,0,5.5,'1900-01-01 00:00:00'),(2431,0,3.96,'1900-01-01 00:00:00'),(2432,0,12,'1900-01-01 00:00:00'),(2433,4,42,'1900-01-01 00:00:00'),(2434,0,11.51,'1900-01-01 00:00:00'),(2435,0,10.99,'1900-01-01 00:00:00'),(2436,0,9.99,'1900-01-01 00:00:00'),(2437,3,10.99,'1900-01-01 00:00:00'),(2438,0,10.99,'1900-01-01 00:00:00'),(2439,0,7.99,'1900-01-01 00:00:00'),(2440,0,10.99,'1900-01-01 00:00:00'),(2441,0,7.99,'1900-01-01 00:00:00'),(2442,1,34.99,'1900-01-01 00:00:00'),(2443,0,12.99,'1900-01-01 00:00:00'),(2444,0,10.99,'1900-01-01 00:00:00'),(2445,0,9,'1900-01-01 00:00:00'),(2446,0,13.5,'1900-01-01 00:00:00'),(2447,11,14.99,'1900-01-01 00:00:00'),(2448,7,12.99,'1900-01-01 00:00:00'),(2449,3,12.99,'1900-01-01 00:00:00'),(2450,0,1.35,'1900-01-01 00:00:00'),(2451,0,1.5,'1900-01-01 00:00:00'),(2452,0,1.35,'1900-01-01 00:00:00'),(2453,0,14.1,'1900-01-01 00:00:00'),(2454,0,7.3,'1900-01-01 00:00:00'),(2455,3,11.99,'1900-01-01 00:00:00'),(2456,0,8.25,'1900-01-01 00:00:00'),(2457,0,2.99,'1900-01-01 00:00:00'),(2458,1,11.75,'1900-01-01 00:00:00'),(2459,1,11.99,'1900-01-01 00:00:00'),(2460,0,1.99,'1900-01-01 00:00:00'),(2461,0,12.99,'1900-01-01 00:00:00'),(2462,1,14.99,'1900-01-01 00:00:00'),(2463,1,0,'1900-01-01 00:00:00'),(2464,2,14.99,'1900-01-01 00:00:00'),(2465,0,11.99,'1900-01-01 00:00:00'),(2466,0,11.99,'1900-01-01 00:00:00'),(2467,2,3.5,'1900-01-01 00:00:00'),(2468,3,18.99,'1900-01-01 00:00:00'),(2469,1,13.99,'1900-01-01 00:00:00'),(2470,5,15.75,'1900-01-01 00:00:00'),(2471,7,11.99,'1900-01-01 00:00:00'),(2472,1,11.99,'1900-01-01 00:00:00'),(2473,2,10.99,'1900-01-01 00:00:00'),(2474,14,2.5,'1900-01-01 00:00:00'),(2475,2,8.99,'1900-01-01 00:00:00'),(2476,1,0,'1900-01-01 00:00:00'),(2477,1,29.99,'1900-01-01 00:00:00'),(2478,10,44.99,'1900-01-01 00:00:00'),(2479,2,76.99,'1900-01-01 00:00:00'),(2480,0,31.99,'1900-01-01 00:00:00'),(2481,0,61,'1900-01-01 00:00:00'),(2482,1,43.99,'1900-01-01 00:00:00'),(2483,0,14.99,'1900-01-01 00:00:00'),(2484,1,25.99,'1900-01-01 00:00:00'),(2485,1,10.99,'1900-01-01 00:00:00'),(2486,1,1.49,'1900-01-01 00:00:00'),(2487,7,15.99,'1900-01-01 00:00:00'),(2488,2,4.75,'1900-01-01 00:00:00'),(2489,4,6.25,'1900-01-01 00:00:00'),(2490,21,7.99,'1900-01-01 00:00:00'),(2491,3,1.99,'1900-01-01 00:00:00'),(2492,3,1.75,'1900-01-01 00:00:00'),(2493,1,19.99,'1900-01-01 00:00:00'),(2494,0,12,'1900-01-01 00:00:00'),(2495,4,6.99,'1900-01-01 00:00:00'),(2496,0,13.99,'1900-01-01 00:00:00'),(2497,0,9.5,'1900-01-01 00:00:00'),(2498,6,14.99,'1900-01-01 00:00:00'),(2499,1,4.99,'1900-01-01 00:00:00'),(2500,1,30.99,'1900-01-01 00:00:00'),(2501,7,20.99,'1900-01-01 00:00:00'),(2502,1,13.99,'1900-01-01 00:00:00'),(2503,0,8.99,'1900-01-01 00:00:00'),(2504,1,25.99,'1900-01-01 00:00:00'),(2505,5,13.99,'1900-01-01 00:00:00'),(2506,0,15.99,'1900-01-01 00:00:00'),(2507,2,13.99,'1900-01-01 00:00:00'),(2508,11,6,'1900-01-01 00:00:00'),(2509,0,9,'1900-01-01 00:00:00'),(2510,5,21.99,'1900-01-01 00:00:00'),(2511,0,8.5,'1900-01-01 00:00:00'),(2512,0,11.99,'1900-01-01 00:00:00'),(2513,0,8.5,'1900-01-01 00:00:00'),(2514,2,13.99,'1900-01-01 00:00:00'),(2515,4,9.99,'1900-01-01 00:00:00'),(2516,1,2.99,'1900-01-01 00:00:00'),(2517,0,1.25,'1900-01-01 00:00:00'),(2518,8,17.95,'1900-01-01 00:00:00'),(2519,1,296.99,'1900-01-01 00:00:00'),(2520,1,29.99,'1900-01-01 00:00:00'),(2521,0,29.75,'1900-01-01 00:00:00'),(2522,11,11.99,'1900-01-01 00:00:00'),(2523,0,1.5,'1900-01-01 00:00:00'),(2524,0,26.83,'1900-01-01 00:00:00'),(2525,0,13,'1900-01-01 00:00:00'),(2526,4,10.99,'1900-01-01 00:00:00'),(2527,0,13,'1900-01-01 00:00:00'),(2528,0,26.83,'1900-01-01 00:00:00'),(2529,1,35.75,'1900-01-01 00:00:00'),(2530,0,39.01,'1900-01-01 00:00:00'),(2531,7,53.5,'1900-01-01 00:00:00'),(2532,1,40.38,'1900-01-01 00:00:00'),(2533,1,89.99,'1900-01-01 00:00:00'),(2534,6,14.99,'1900-01-01 00:00:00'),(2535,7,47.99,'1900-01-01 00:00:00'),(2536,0,17.5,'1900-01-01 00:00:00'),(2537,0,14.34,'1900-01-01 00:00:00'),(2538,4,30.05,'1900-01-01 00:00:00'),(2539,3,52,'1900-01-01 00:00:00'),(2540,1,48.99,'1900-01-01 00:00:00'),(2541,0,12.25,'1900-01-01 00:00:00'),(2542,0,17.5,'1900-01-01 00:00:00'),(2543,0,7.8,'1900-01-01 00:00:00'),(2544,1,0,'1900-01-01 00:00:00'),(2545,0,17.5,'1900-01-01 00:00:00'),(2546,0,4.49,'1900-01-01 00:00:00'),(2547,1,9.99,'1900-01-01 00:00:00'),(2548,6,22.99,'1900-01-01 00:00:00'),(2549,0,20.95,'1900-01-01 00:00:00'),(2550,0,1.5,'1900-01-01 00:00:00'),(2551,5,19.99,'1900-01-01 00:00:00'),(2552,1,3.99,'1900-01-01 00:00:00'),(2553,0,1.1,'1900-01-01 00:00:00'),(2554,4,13.25,'1900-01-01 00:00:00'),(2555,0,10.5,'1900-01-01 00:00:00'),(2556,1,2.99,'1900-01-01 00:00:00'),(2557,2,2.79,'1900-01-01 00:00:00'),(2558,2,2.99,'1900-01-01 00:00:00'),(2559,1,2.99,'1900-01-01 00:00:00'),(2560,2,5.99,'1900-01-01 00:00:00'),(2561,1,6.99,'1900-01-01 00:00:00'),(2562,5,10.99,'1900-01-01 00:00:00'),(2563,3,10.99,'1900-01-01 00:00:00'),(2564,0,4.99,'1900-01-01 00:00:00'),(2565,2,6.99,'1900-01-01 00:00:00'),(2566,1,3.99,'1900-01-01 00:00:00'),(2567,3,19.99,'1900-01-01 00:00:00'),(2568,3,8.99,'1900-01-01 00:00:00'),(2569,2,5.99,'1900-01-01 00:00:00'),(2570,11,9.99,'1900-01-01 00:00:00'),(2571,9,2.99,'1900-01-01 00:00:00'),(2572,2,19.66,'1900-01-01 00:00:00'),(2573,1,15.99,'1900-01-01 00:00:00'),(2574,2,1.99,'1900-01-01 00:00:00'),(2575,4,4.99,'1900-01-01 00:00:00'),(2576,0,1.07,'1900-01-01 00:00:00'),(2577,0,1.07,'1900-01-01 00:00:00'),(2578,1,7.99,'1900-01-01 00:00:00'),(2579,1,4.99,'1900-01-01 00:00:00'),(2580,2,4.99,'1900-01-01 00:00:00'),(2581,2,4.99,'1900-01-01 00:00:00'),(2582,0,1.99,'1900-01-01 00:00:00'),(2583,1,87.99,'1900-01-01 00:00:00'),(2584,2,9.99,'1900-01-01 00:00:00'),(2585,0,6.33,'1900-01-01 00:00:00'),(2586,1,35.31,'1900-01-01 00:00:00'),(2587,5,1.99,'1900-01-01 00:00:00'),(2588,0,8.5,'1900-01-01 00:00:00'),(2589,1,10.99,'1900-01-01 00:00:00'),(2590,0,15,'1900-01-01 00:00:00'),(2591,0,9,'1900-01-01 00:00:00'),(2592,0,9,'1900-01-01 00:00:00'),(2593,13,16.99,'1900-01-01 00:00:00'),(2594,3,4.5,'1900-01-01 00:00:00'),(2595,25,4.5,'1900-01-01 00:00:00'),(2596,0,6.25,'1900-01-01 00:00:00'),(2597,3,54.99,'1900-01-01 00:00:00'),(2598,2,15.99,'1900-01-01 00:00:00'),(2599,0,11,'1900-01-01 00:00:00'),(2600,2,15.99,'1900-01-01 00:00:00'),(2601,3,14.99,'1900-01-01 00:00:00'),(2602,2,17.99,'1900-01-01 00:00:00'),(2603,4,12.5,'1900-01-01 00:00:00'),(2604,7,13.99,'1900-01-01 00:00:00'),(2605,2,11.99,'1900-01-01 00:00:00'),(2606,1,18.9,'1900-01-01 00:00:00'),(2607,0,1312,'1900-01-01 00:00:00'),(2608,4,16.99,'1900-01-01 00:00:00'),(2609,6,13.25,'1900-01-01 00:00:00'),(2610,0,2.99,'1900-01-01 00:00:00'),(2611,2,23,'1900-01-01 00:00:00'),(2612,2,41.99,'1900-01-01 00:00:00'),(2613,6,17.99,'1900-01-01 00:00:00'),(2614,3,12.75,'1900-01-01 00:00:00'),(2615,15,17.99,'1900-01-01 00:00:00'),(2616,1,20.99,'1900-01-01 00:00:00'),(2617,0,8.99,'1900-01-01 00:00:00'),(2618,0,9.25,'1900-01-01 00:00:00'),(2619,2,13.99,'1900-01-01 00:00:00'),(2620,0,9,'1900-01-01 00:00:00'),(2621,0,26.99,'1900-01-01 00:00:00'),(2622,7,0,'1900-01-01 00:00:00'),(2623,0,15,'1900-01-01 00:00:00'),(2624,0,7.99,'1900-01-01 00:00:00'),(2625,5,27.99,'1900-01-01 00:00:00'),(2626,2,26.99,'1900-01-01 00:00:00'),(2627,6,11.99,'1900-01-01 00:00:00'),(2628,2,11.99,'1900-01-01 00:00:00'),(2629,1,18.5,'1900-01-01 00:00:00'),(2630,5,12.99,'1900-01-01 00:00:00'),(2631,0,13.99,'1900-01-01 00:00:00'),(2632,8,12.75,'1900-01-01 00:00:00'),(2633,3,12.75,'1900-01-01 00:00:00'),(2634,0,9.99,'1900-01-01 00:00:00'),(2635,1,25.99,'1900-01-01 00:00:00'),(2636,0,11.99,'1900-01-01 00:00:00'),(2637,12,27.99,'1900-01-01 00:00:00'),(2638,2,79.99,'1900-01-01 00:00:00'),(2639,3,30.99,'1900-01-01 00:00:00'),(2640,2,6.99,'1900-01-01 00:00:00'),(2641,1,8.99,'1900-01-01 00:00:00'),(2642,1,18.95,'1900-01-01 00:00:00'),(2643,13,11.95,'1900-01-01 00:00:00'),(2644,1,12.99,'1900-01-01 00:00:00'),(2645,1,10.99,'1900-01-01 00:00:00'),(2646,1,14.95,'1900-01-01 00:00:00'),(2647,1,19.95,'1900-01-01 00:00:00'),(2648,1,19.95,'1900-01-01 00:00:00'),(2649,1,19.99,'1900-01-01 00:00:00'),(2650,1,18.99,'1900-01-01 00:00:00'),(2651,1,16.99,'1900-01-01 00:00:00'),(2652,0,34.99,'1900-01-01 00:00:00'),(2653,0,8.75,'1900-01-01 00:00:00'),(2654,0,10.99,'1900-01-01 00:00:00'),(2655,0,14.99,'1900-01-01 00:00:00'),(2656,0,9.99,'1900-01-01 00:00:00'),(2657,0,4.99,'1900-01-01 00:00:00'),(2658,0,10.99,'1900-01-01 00:00:00'),(2659,0,24.99,'1900-01-01 00:00:00'),(2660,0,7.99,'1900-01-01 00:00:00'),(2661,0,20,'1900-01-01 00:00:00'),(2662,0,66.99,'1900-01-01 00:00:00'),(2664,0,4.99,'1900-01-01 00:00:00'),(2665,0,10.99,'1900-01-01 00:00:00'),(2666,0,18.99,'1900-01-01 00:00:00'),(2667,0,18.99,'1900-01-01 00:00:00'),(2668,0,7.99,'1900-01-01 00:00:00'),(2671,0,1.99,'1900-01-01 00:00:00'),(2672,0,6.9902289106,'1900-01-01 00:00:00'),(2673,0,6.99,'1900-01-01 00:00:00'),(2674,0,415.84,'1900-01-01 00:00:00'),(2675,0,325.43,'1900-01-01 00:00:00'),(2676,0,336.08,'1900-01-01 00:00:00'),(2677,0,423.49,'1900-01-01 00:00:00'),(2678,0,1,'1900-01-01 00:00:00'),(2679,0,0.99,'1900-01-01 00:00:00'),(2680,0,1,'1900-01-01 00:00:00'),(2681,0,1,'1900-01-01 00:00:00'),(2682,0,14.99,'1900-01-01 00:00:00'),(2683,0,7.99,'1900-01-01 00:00:00'),(2685,0,89.99,'1900-01-01 00:00:00'),(2687,0,0.05,'1900-01-01 00:00:00'),(2688,0,0.35,'1900-01-01 00:00:00'),(2689,0,0.75,'1900-01-01 00:00:00'),(2690,0,1.99,'1900-01-01 00:00:00'),(2691,0,3.75,'1900-01-01 00:00:00'),(2692,0,7.99,'1900-01-01 00:00:00'),(2693,0,1.99,'1900-01-01 00:00:00'),(2694,0,753.02,'1900-01-01 00:00:00'),(2695,0,704.21,'1900-01-01 00:00:00'),(2696,0,17.99,'1900-01-01 00:00:00'),(2697,0,379.87,'1900-01-01 00:00:00'),(2698,0,482.42,'1900-01-01 00:00:00'),(2699,0,367.52,'1900-01-01 00:00:00'),(2700,0,360.64,'1900-01-01 00:00:00'),(2701,0,4.79,'1900-01-01 00:00:00'),(2702,0,5.99,'1900-01-01 00:00:00'),(2703,0,4.5,'1900-01-01 00:00:00'),(2704,0,6.99,'1900-01-01 00:00:00'),(2705,0,26.83,'1900-01-01 00:00:00'),(2706,0,26.83,'1900-01-01 00:00:00'),(2707,0,2.5,'1900-01-01 00:00:00'),(2708,0,0.69,'1900-01-01 00:00:00'),(2709,0,0.99,'1900-01-01 00:00:00'),(2710,0,14.99,'1900-01-01 00:00:00'),(2711,0,2.99,'1900-01-01 00:00:00'),(2712,0,2.75,'1900-01-01 00:00:00'),(2713,0,2,'1900-01-01 00:00:00'),(2714,0,39.99,'1900-01-01 00:00:00'),(2716,0,16.99,'1900-01-01 00:00:00'),(2717,0,0,'1900-01-01 00:00:00'),(2718,0,36.75,'1900-01-01 00:00:00'),(2719,0,2.5,'1900-01-01 00:00:00'),(2720,0,15.99,'1900-01-01 00:00:00'),(2721,0,62.99,'1900-01-01 00:00:00'),(2722,0,0,'1900-01-01 00:00:00'),(2723,0,7.99,'1900-01-01 00:00:00'),(2725,0,25.99,'1900-01-01 00:00:00'),(2726,0,22.99,'1900-01-01 00:00:00'),(2727,0,24.81,'1900-01-01 00:00:00'),(2728,0,3.75,'1900-01-01 00:00:00'),(2729,0,13.99,'1900-01-01 00:00:00'),(2730,0,8.75,'1900-01-01 00:00:00'),(2731,0,4.99,'1900-01-01 00:00:00'),(2732,0,8.99,'1900-01-01 00:00:00'),(2733,0,3.75,'1900-01-01 00:00:00'),(2734,0,13.99,'1900-01-01 00:00:00'),(2735,0,100,'1900-01-01 00:00:00'),(2736,0,25,'1900-01-01 00:00:00'),(2737,0,40,'1900-01-01 00:00:00'),(2738,0,50,'1900-01-01 00:00:00'),(2739,0,100,'1900-01-01 00:00:00'),(2740,0,3.99,'1900-01-01 00:00:00'),(2741,0,3.75,'1900-01-01 00:00:00'),(2742,0,2.69,'1900-01-01 00:00:00'),(2743,0,1.99,'1900-01-01 00:00:00'),(2745,0,3.75,'1900-01-01 00:00:00'),(2746,0,1.45,'1900-01-01 00:00:00'),(2747,0,12.99,'1900-01-01 00:00:00'),(2748,0,23.99,'1900-01-01 00:00:00'),(2749,0,10.99,'1900-01-01 00:00:00'),(2750,0,5.99,'1900-01-01 00:00:00'),(2751,0,22.99,'1900-01-01 00:00:00'),(2752,0,22.99,'1900-01-01 00:00:00'),(2753,0,3.99,'1900-01-01 00:00:00'),(2754,0,38.8,'1900-01-01 00:00:00'),(2755,0,19.99,'1900-01-01 00:00:00'),(2756,0,12.99,'1900-01-01 00:00:00'),(2758,0,4,'1900-01-01 00:00:00'),(2759,38,15,'1900-01-01 00:00:00'),(2760,0,4.99,'1900-01-01 00:00:00'),(2761,0,0.99,'1900-01-01 00:00:00'),(2762,0,0.69,'1900-01-01 00:00:00'),(2763,0,0.99,'1900-01-01 00:00:00'),(2764,1,12.99,'1900-01-01 00:00:00'),(2765,0,2.99,'1900-01-01 00:00:00'),(2766,0,1.75,'1900-01-01 00:00:00'),(2767,0,28.99,'1900-01-01 00:00:00'),(2768,0,5.99,'1900-01-01 00:00:00'),(2769,0,4.99,'1900-01-01 00:00:00'),(2770,0,24.19,'1900-01-01 00:00:00'),(2771,12,0,'1900-01-01 00:00:00'),(2772,0,0.5,'1900-01-01 00:00:00'),(2773,0,14.75,'1900-01-01 00:00:00'),(2774,0,14.99,'1900-01-01 00:00:00'),(2775,0,7.99,'1900-01-01 00:00:00'),(2776,0,7.99,'1900-01-01 00:00:00'),(2777,1,19,'1900-01-01 00:00:00'),(2778,0,3.99,'1900-01-01 00:00:00'),(2779,0,19,'1900-01-01 00:00:00'),(2780,0,12.75,'1900-01-01 00:00:00'),(2782,0,7.99,'1900-01-01 00:00:00'),(2783,0,4,'1900-01-01 00:00:00'),(2784,0,5,'1900-01-01 00:00:00'),(2785,0,72.99,'1900-01-01 00:00:00'),(2786,0,23.99,'1900-01-01 00:00:00'),(2787,0,76.99,'1900-01-01 00:00:00'),(2788,0,7.99,'1900-01-01 00:00:00'),(2789,0,0.99,'1900-01-01 00:00:00'),(2790,0,1.25,'1900-01-01 00:00:00'),(2791,0,3.99,'1900-01-01 00:00:00'),(2792,0,0.75,'1900-01-01 00:00:00'),(2793,0,7.99,'1900-01-01 00:00:00'),(2794,0,20.99,'1900-01-01 00:00:00'),(2795,1,14.99,'1900-01-01 00:00:00'),(2796,0,8.75,'1900-01-01 00:00:00'),(2797,0,20,'1900-01-01 00:00:00'),(2798,0,2.25,'1900-01-01 00:00:00'),(2799,0,20.99,'1900-01-01 00:00:00'),(2800,0,14.5,'1900-01-01 00:00:00'),(2803,0,4,'1900-01-01 00:00:00'),(2804,0,4.99,'1900-01-01 00:00:00'),(2805,0,1.99,'1900-01-01 00:00:00'),(2807,0,5.99,'1900-01-01 00:00:00'),(2808,0,5.99,'1900-01-01 00:00:00'),(2809,0,4.99,'1900-01-01 00:00:00'),(2810,0,6.99,'1900-01-01 00:00:00'),(2811,0,1.75,'1900-01-01 00:00:00'),(2812,0,20.99,'1900-01-01 00:00:00'),(2813,0,42,'1900-01-01 00:00:00'),(2814,0,3.99,'1900-01-01 00:00:00'),(2815,0,99.99,'1900-01-01 00:00:00'),(2816,0,79.99,'1900-01-01 00:00:00'),(2817,0,2.99,'1900-01-01 00:00:00'),(2818,0,0.45,'1900-01-01 00:00:00'),(2819,0,10.99,'1900-01-01 00:00:00'),(2820,0,1.49,'1900-01-01 00:00:00'),(2821,0,2.99,'1900-01-01 00:00:00'),(2822,0,1.99,'1900-01-01 00:00:00'),(2823,0,1,'1900-01-01 00:00:00'),(2824,0,2.99,'1900-01-01 00:00:00'),(2825,0,15.99,'1900-01-01 00:00:00'),(2826,0,2.99,'1900-01-01 00:00:00'),(2827,0,34.54,'1900-01-01 00:00:00'),(2828,0,0.25,'1900-01-01 00:00:00'),(2829,0,6.99,'1900-01-01 00:00:00'),(2830,0,12.99,'1900-01-01 00:00:00'),(2831,0,0.99,'1900-01-01 00:00:00'),(2832,0,1.99,'1900-01-01 00:00:00'),(2833,0,9.99,'1900-01-01 00:00:00'),(2834,0,2.99,'1900-01-01 00:00:00'),(2835,0,3.99,'1900-01-01 00:00:00'),(2836,0,2.99,'1900-01-01 00:00:00'),(2837,0,2.5,'1900-01-01 00:00:00'),(2838,0,2.5,'1900-01-01 00:00:00'),(2839,0,0.05,'1900-01-01 00:00:00'),(2840,0,0.05,'1900-01-01 00:00:00'),(2841,0,0.15,'1900-01-01 00:00:00'),(2842,0,5.99,'1900-01-01 00:00:00'),(2843,0,2.99,'1900-01-01 00:00:00'),(2844,0,27.99,'1900-01-01 00:00:00'),(2845,0,39.99,'1900-01-01 00:00:00'),(2846,0,2.75,'1900-01-01 00:00:00'),(2847,0,64.99,'1900-01-01 00:00:00'),(2848,0,4.99,'1900-01-01 00:00:00'),(2850,0,49.99,'1900-01-01 00:00:00'),(2851,0,1,'1900-01-01 00:00:00'),(2852,0,1786.65,'1900-01-01 00:00:00'),(2853,0,249.14,'1900-01-01 00:00:00'),(2854,0,429.45,'1900-01-01 00:00:00'),(2855,0,299.47,'1900-01-01 00:00:00'),(2856,0,2431.39,'1900-01-01 00:00:00'),(2857,0,3205.29,'1900-01-01 00:00:00'),(2859,0,0.99,'1900-01-01 00:00:00'),(2860,0,5.49,'1900-01-01 00:00:00'),(2861,0,5.99,'1900-01-01 00:00:00'),(2862,0,1.99,'1900-01-01 00:00:00'),(2863,0,25,'1900-01-01 00:00:00'),(2864,0,20,'1900-01-01 00:00:00'),(2865,0,9.99,'1900-01-01 00:00:00'),(2866,0,0.99,'1900-01-01 00:00:00'),(2867,0,20.99,'1900-01-01 00:00:00'),(2868,1,14.99,'1900-01-01 00:00:00'),(2869,0,7.99,'1900-01-01 00:00:00');
/*!40000 ALTER TABLE `inventory_price` ENABLE KEYS */;
UNLOCK TABLES;

--
-- Temporary view structure for view `inventory_quantity`
--

DROP TABLE IF EXISTS `inventory_quantity`;
/*!50001 DROP VIEW IF EXISTS `inventory_quantity`*/;
SET @saved_cs_client     = @@character_set_client;
/*!50503 SET character_set_client = utf8mb4 */;
/*!50001 CREATE VIEW `inventory_quantity` AS SELECT 
 1 AS `item_name`,
 1 AS `inventoryID`,
 1 AS `quantity`,
 1 AS `barcode`,
 1 AS `retail_price`,
 1 AS `supplierID`,
 1 AS `item_description`,
 1 AS `typeID`,
 1 AS `bottle_deposit_qty`,
 1 AS `nontaxable`,
 1 AS `nontaxable_local`*/;
SET character_set_client = @saved_cs_client;

--
-- Table structure for table `inventory_type`
--

DROP TABLE IF EXISTS `inventory_type`;
/*!40101 SET @saved_cs_client     = @@character_set_client */;
/*!50503 SET character_set_client = utf8mb4 */;
CREATE TABLE `inventory_type` (
  `typeID` int(11) NOT NULL AUTO_INCREMENT,
  `inventory_type_name` varchar(50) NOT NULL,
  `6_to_11_case_discount` double DEFAULT NULL,
  `12_or_more_case_discount` double DEFAULT NULL,
  `idTax` int(11) DEFAULT NULL,
  PRIMARY KEY (`typeID`),
  KEY `Inventory_type_fk_Config` (`idTax`),
  CONSTRAINT `Inventory_type_fk_Config` FOREIGN KEY (`idTax`) REFERENCES `tax` (`idTAX`)
) ENGINE=InnoDB AUTO_INCREMENT=26 DEFAULT CHARSET=utf8mb4 COLLATE=utf8mb4_0900_ai_ci;
/*!40101 SET character_set_client = @saved_cs_client */;

--
-- Dumping data for table `inventory_type`
--

LOCK TABLES `inventory_type` WRITE;
/*!40000 ALTER TABLE `inventory_type` DISABLE KEYS */;
INSERT INTO `inventory_type` VALUES (1,'GIFT',NULL,NULL,1),(2,'CANDY',NULL,NULL,1),(3,'MIXERS',NULL,NULL,1),(4,'FOOD',NULL,NULL,1),(5,'WINE',NULL,NULL,3),(6,'BEER',NULL,NULL,3),(7,'LIQUOR',NULL,NULL,3),(8,'PROPANE',NULL,NULL,1),(9,'CUSTOM',NULL,NULL,1),(10,'SERVICE',NULL,NULL,1),(11,'DEPOSIT',NULL,NULL,1),(12,'none',NULL,NULL,1),(13,'DRY CLEANING',NULL,NULL,1),(15,'SODA',NULL,NULL,3);
/*!40000 ALTER TABLE `inventory_type` ENABLE KEYS */;
UNLOCK TABLES;

--
-- Table structure for table `payments`
--

DROP TABLE IF EXISTS `payments`;
/*!40101 SET @saved_cs_client     = @@character_set_client */;
/*!50503 SET character_set_client = utf8mb4 */;
CREATE TABLE `payments` (
  `PayId` int(11) NOT NULL AUTO_INCREMENT,
  `ReceiptID` int(11) DEFAULT NULL,
  `Method` varchar(10) DEFAULT NULL,
  `Number` varchar(30) DEFAULT NULL,
  `Amount` double DEFAULT NULL,
  PRIMARY KEY (`PayId`),
  KEY `payments_fk_transaction` (`ReceiptID`),
  CONSTRAINT `payments_fk_transaction` FOREIGN KEY (`ReceiptID`) REFERENCES `transaction` (`receiptID`)
) ENGINE=InnoDB AUTO_INCREMENT=11 DEFAULT CHARSET=utf8mb4 COLLATE=utf8mb4_0900_ai_ci;
/*!40101 SET character_set_client = @saved_cs_client */;

--
-- Dumping data for table `payments`
--

LOCK TABLES `payments` WRITE;
/*!40000 ALTER TABLE `payments` DISABLE KEYS */;
INSERT INTO `payments` VALUES (1,7,'CASH','380',0),(2,8,'CASH','',14.88),(3,9,'CHECK',NULL,50),(4,10,'CASH',NULL,50),(5,11,'CHECK','1234',10),(6,12,'CHECK','1234',10),(7,13,'CASH',NULL,12),(8,14,'CASH',NULL,15),(9,7,'CASH','100',50),(10,7,'CASH','',520);
/*!40000 ALTER TABLE `payments` ENABLE KEYS */;
UNLOCK TABLES;

--
-- Table structure for table `supplier`
--

DROP TABLE IF EXISTS `supplier`;
/*!40101 SET @saved_cs_client     = @@character_set_client */;
/*!50503 SET character_set_client = utf8mb4 */;
CREATE TABLE `supplier` (
  `supplierID` int(11) NOT NULL AUTO_INCREMENT,
  `name` varchar(45) NOT NULL,
  `web` varchar(100) DEFAULT NULL,
  `phone` varchar(10) DEFAULT NULL,
  PRIMARY KEY (`supplierID`)
) ENGINE=InnoDB AUTO_INCREMENT=33 DEFAULT CHARSET=utf8mb4 COLLATE=utf8mb4_0900_ai_ci;
/*!40101 SET character_set_client = @saved_cs_client */;

--
-- Dumping data for table `supplier`
--

LOCK TABLES `supplier` WRITE;
/*!40000 ALTER TABLE `supplier` DISABLE KEYS */;
INSERT INTO `supplier` VALUES (1,'7G BEER DISTRIBUTORS',NULL,NULL),(2,'ALCOHOLIC BEVERAGE DIVISION IOWA',NULL,NULL),(3,'ALDIS',NULL,NULL),(4,'AMANA SMOKEHOUSE',NULL,NULL),(5,'AMERIGAS',NULL,NULL),(6,'BEST CASE WINES',NULL,NULL),(7,'BUCHANAN HOUSE WINERY',NULL,NULL),(8,'CASK & CORK',NULL,NULL),(9,'CEDAR RIDGE WINERY',NULL,NULL),(10,'DELETED',NULL,NULL),(11,'DIMITRI WINES',NULL,NULL),(12,'FRESHIES',NULL,NULL),(13,'GLAZERS OF IOWA',NULL,NULL),(14,'GLOBAL WINES',NULL,NULL),(15,'GROOM WINES',NULL,NULL),(16,'HY-VEE/LOMAR',NULL,NULL),(17,'I-BEV',NULL,NULL),(18,'IA ALCOHOLIC BEVERAGES',NULL,NULL),(19,'JOHNSON BROTHERS',NULL,NULL),(20,'MILTON CREAMERY',NULL,NULL),(21,'NONE',NULL,NULL),(22,'OKOBOJI WINES',NULL,NULL),(23,'SAM\'S',NULL,NULL),(24,'THE SECRET CELLAR',NULL,NULL),(25,'WOODEN WHEEL WINERY',NULL,NULL),(32,'Johns','DirtyJohns.com','1112222444');
/*!40000 ALTER TABLE `supplier` ENABLE KEYS */;
UNLOCK TABLES;

--
-- Table structure for table `tax`
--

DROP TABLE IF EXISTS `tax`;
/*!40101 SET @saved_cs_client     = @@character_set_client */;
/*!50503 SET character_set_client = utf8mb4 */;
CREATE TABLE `tax` (
  `idTAX` int(11) NOT NULL AUTO_INCREMENT,
  `bottle_deposit` double DEFAULT '0.05',
  `sales_tax` double DEFAULT '0.06',
  `local_sales_tax` double DEFAULT '0',
  `Tax_Name` varchar(20) DEFAULT NULL,
  PRIMARY KEY (`idTAX`)
) ENGINE=InnoDB AUTO_INCREMENT=5 DEFAULT CHARSET=utf8mb4 COLLATE=utf8mb4_0900_ai_ci;
/*!40101 SET character_set_client = @saved_cs_client */;

--
-- Dumping data for table `tax`
--

LOCK TABLES `tax` WRITE;
/*!40000 ALTER TABLE `tax` DISABLE KEYS */;
INSERT INTO `tax` VALUES (1,0,0.06,0,'Default'),(2,0,0,0,'Food'),(3,0.05,0.06,0,'Bottle'),(4,0.05,0.06,0,'Bottle');
/*!40000 ALTER TABLE `tax` ENABLE KEYS */;
UNLOCK TABLES;

--
-- Table structure for table `transaction`
--

DROP TABLE IF EXISTS `transaction`;
/*!40101 SET @saved_cs_client     = @@character_set_client */;
/*!50503 SET character_set_client = utf8mb4 */;
CREATE TABLE `transaction` (
  `receiptID` int(11) NOT NULL AUTO_INCREMENT,
  `register` int(11) DEFAULT NULL,
  `sold_datetime` datetime NOT NULL DEFAULT CURRENT_TIMESTAMP,
  `empID` int(11) DEFAULT '0',
  `customerID` int(11) DEFAULT '0',
  `discount_amount` double NOT NULL DEFAULT '0',
  `discount` double DEFAULT '0',
  `discount_reason` varchar(45) DEFAULT NULL,
  `tax` double DEFAULT NULL,
  `bottle_deposit` double DEFAULT NULL,
  `local_tax` double DEFAULT NULL,
  `paymentID` varchar(45) DEFAULT NULL,
  `location` varchar(50) DEFAULT NULL,
  `tax_exempt` tinyint(4) DEFAULT '0',
  `shipping` double DEFAULT '0',
  PRIMARY KEY (`receiptID`),
  KEY `fk_tr_empID_idx` (`empID`),
  KEY `fk_tr_customerID_idx` (`customerID`),
  CONSTRAINT `fk_tr_customerID` FOREIGN KEY (`customerID`) REFERENCES `customer` (`customerID`),
  CONSTRAINT `fk_tr_empID` FOREIGN KEY (`empID`) REFERENCES `employee` (`emp_id`)
) ENGINE=InnoDB AUTO_INCREMENT=17 DEFAULT CHARSET=utf8mb4 COLLATE=utf8mb4_0900_ai_ci;
/*!40101 SET character_set_client = @saved_cs_client */;

--
-- Dumping data for table `transaction`
--

LOCK TABLES `transaction` WRITE;
/*!40000 ALTER TABLE `transaction` DISABLE KEYS */;
INSERT INTO `transaction` VALUES (1,0,'2020-06-23 23:25:51',0,0,0,0,NULL,NULL,NULL,NULL,NULL,'Solon IA',0,0),(2,0,'2020-06-23 23:25:51',0,0,0,0,NULL,NULL,NULL,NULL,NULL,'Solon IA',0,0),(3,0,'2020-06-23 23:25:51',0,0,0,0,NULL,NULL,NULL,NULL,NULL,'Solon IA',0,0),(4,0,'2020-06-23 23:25:51',0,0,0,0,NULL,NULL,NULL,NULL,NULL,'Solon IA',0,0),(5,0,'2020-06-23 23:25:51',0,0,0,0,NULL,NULL,NULL,NULL,NULL,'Solon IA',0,0),(6,0,'2020-06-23 23:25:51',0,0,0,0,NULL,NULL,NULL,NULL,NULL,'Solon IA',0,0),(7,0,'2020-06-23 23:25:51',0,0,0,0,NULL,NULL,NULL,NULL,NULL,'Solon IA',0,0),(8,0,'2020-06-28 00:56:21',0,0,0,0,NULL,NULL,NULL,NULL,NULL,'string',0,0),(9,1,'2020-09-01 23:28:15',0,0,0,0,NULL,NULL,NULL,NULL,NULL,'',0,0),(10,1,'2020-09-01 23:29:09',0,0,0,0,NULL,NULL,NULL,NULL,NULL,'',0,0),(11,1,'2020-09-01 23:39:09',0,0,0,0,NULL,NULL,NULL,NULL,NULL,'',0,0),(12,1,'2020-09-01 23:39:09',0,0,0,0,NULL,NULL,NULL,NULL,NULL,'',0,0),(13,1,'2020-09-02 00:08:10',0,0,0,0,NULL,NULL,NULL,NULL,NULL,'',0,0),(14,1,'2020-11-24 17:26:30',0,0,0,0,NULL,NULL,NULL,NULL,NULL,'',0,0),(15,0,'2020-06-23 23:25:51',0,0,0,0,NULL,NULL,NULL,NULL,NULL,'Solon IA',0,0),(16,0,'2020-06-23 23:25:51',0,0,0,0,NULL,NULL,NULL,NULL,NULL,'Solon IA',0,0);
/*!40000 ALTER TABLE `transaction` ENABLE KEYS */;
UNLOCK TABLES;

--
-- Table structure for table `transaction_items`
--

DROP TABLE IF EXISTS `transaction_items`;
/*!40101 SET @saved_cs_client     = @@character_set_client */;
/*!50503 SET character_set_client = utf8mb4 */;
CREATE TABLE `transaction_items` (
  `receiptID` int(11) NOT NULL,
  `inventoryID` int(11) NOT NULL,
  `sold_price` double NOT NULL,
  `supplier_price` double NOT NULL,
  `sold_qty` double NOT NULL,
  PRIMARY KEY (`receiptID`,`inventoryID`),
  KEY `inventoryID` (`inventoryID`) /*!80000 INVISIBLE */,
  KEY `receiptID` (`receiptID`) /*!80000 INVISIBLE */,
  CONSTRAINT `fk_tr_items_inventoryID` FOREIGN KEY (`inventoryID`) REFERENCES `inventory_description` (`inventoryID`),
  CONSTRAINT `fk_tr_items_receiptID` FOREIGN KEY (`receiptID`) REFERENCES `transaction` (`receiptID`)
) ENGINE=InnoDB DEFAULT CHARSET=utf8mb4 COLLATE=utf8mb4_0900_ai_ci;
/*!40101 SET character_set_client = @saved_cs_client */;

--
-- Dumping data for table `transaction_items`
--

LOCK TABLES `transaction_items` WRITE;
/*!40000 ALTER TABLE `transaction_items` DISABLE KEYS */;
INSERT INTO `transaction_items` VALUES (5,1030,190,100,2),(6,1030,190,100,2),(7,1030,190,100,3),(8,1036,13.99,10,1),(9,1541,40,20,1),(10,1541,40,20,1),(11,1541,40,20,1),(12,1541,40,20,1),(13,2210,10.99,10.99,1),(14,2165,11.99,11.99,1),(15,1030,190,100,3),(16,1030,190,100,3);
/*!40000 ALTER TABLE `transaction_items` ENABLE KEYS */;
UNLOCK TABLES;

--
-- Temporary view structure for view `v_discount`
--

DROP TABLE IF EXISTS `v_discount`;
/*!50001 DROP VIEW IF EXISTS `v_discount`*/;
SET @saved_cs_client     = @@character_set_client;
/*!50503 SET character_set_client = utf8mb4 */;
/*!50001 CREATE VIEW `v_discount` AS SELECT 
 1 AS `DiscountID`,
 1 AS `DiscountName`,
 1 AS `minQty`,
 1 AS `maxQty`,
 1 AS `Discount`*/;
SET character_set_client = @saved_cs_client;

--
-- Temporary view structure for view `v_event`
--

DROP TABLE IF EXISTS `v_event`;
/*!50001 DROP VIEW IF EXISTS `v_event`*/;
SET @saved_cs_client     = @@character_set_client;
/*!50503 SET character_set_client = utf8mb4 */;
/*!50001 CREATE VIEW `v_event` AS SELECT 
 1 AS `inventoryID`,
 1 AS `name`,
 1 AS `barcode`,
 1 AS `nontaxable`,
 1 AS `nontaxable_local`,
 1 AS `typeID`,
 1 AS `inventory_type_name`,
 1 AS `inventory_qty`,
 1 AS `idTax`,
 1 AS `sales_tax`,
 1 AS `local_sales_tax`,
 1 AS `PreOrder`,
 1 AS `AtDoor`,
 1 AS `Durantion`,
 1 AS `EventDate`,
 1 AS `Tax_Name`*/;
SET character_set_client = @saved_cs_client;

--
-- Temporary view structure for view `v_inventory`
--

DROP TABLE IF EXISTS `v_inventory`;
/*!50001 DROP VIEW IF EXISTS `v_inventory`*/;
SET @saved_cs_client     = @@character_set_client;
/*!50503 SET character_set_client = utf8mb4 */;
/*!50001 CREATE VIEW `v_inventory` AS SELECT 
 1 AS `inventoryID`,
 1 AS `description`,
 1 AS `name`,
 1 AS `barcode`,
 1 AS `retail_price`,
 1 AS `bottles`,
 1 AS `nontaxable`,
 1 AS `nontaxable_local`,
 1 AS `typeID`,
 1 AS `inventory_type_name`,
 1 AS `supplierID`,
 1 AS `supplier`,
 1 AS `DiscountID`,
 1 AS `DiscountName`,
 1 AS `minQty`,
 1 AS `maxQty`,
 1 AS `Discount`,
 1 AS `inventory_qty`,
 1 AS `supplier_price`,
 1 AS `purchased_date`,
 1 AS `idTax`,
 1 AS `bottle_deposit`,
 1 AS `sales_tax`,
 1 AS `local_sales_tax`,
 1 AS `Tax_Name`*/;
SET character_set_client = @saved_cs_client;

--
-- Temporary view structure for view `v_suspendedtransaction`
--

DROP TABLE IF EXISTS `v_suspendedtransaction`;
/*!50001 DROP VIEW IF EXISTS `v_suspendedtransaction`*/;
SET @saved_cs_client     = @@character_set_client;
/*!50503 SET character_set_client = utf8mb4 */;
/*!50001 CREATE VIEW `v_suspendedtransaction` AS SELECT 
 1 AS `receiptID`,
 1 AS `TotalSale`,
 1 AS `TotalPayment`*/;
SET character_set_client = @saved_cs_client;

--
-- Temporary view structure for view `v_tax`
--

DROP TABLE IF EXISTS `v_tax`;
/*!50001 DROP VIEW IF EXISTS `v_tax`*/;
SET @saved_cs_client     = @@character_set_client;
/*!50503 SET character_set_client = utf8mb4 */;
/*!50001 CREATE VIEW `v_tax` AS SELECT 
 1 AS `idTAX`,
 1 AS `bottle_deposit`,
 1 AS `sales_tax`,
 1 AS `local_sales_tax`,
 1 AS `Tax_Name`*/;
SET character_set_client = @saved_cs_client;

--
-- Temporary view structure for view `v_transaction_items`
--

DROP TABLE IF EXISTS `v_transaction_items`;
/*!50001 DROP VIEW IF EXISTS `v_transaction_items`*/;
SET @saved_cs_client     = @@character_set_client;
/*!50503 SET character_set_client = utf8mb4 */;
/*!50001 CREATE VIEW `v_transaction_items` AS SELECT 
 1 AS `receiptID`,
 1 AS `name`,
 1 AS `InventoryID`,
 1 AS `barcode`,
 1 AS `sold_qty`,
 1 AS `sold_price`,
 1 AS `supplier_price`,
 1 AS `bottles`,
 1 AS `inventory_type_name`,
 1 AS `nontaxable`,
 1 AS `nontaxable_local`,
 1 AS `inventory_qty`*/;
SET character_set_client = @saved_cs_client;

--
-- Temporary view structure for view `v_type`
--

DROP TABLE IF EXISTS `v_type`;
/*!50001 DROP VIEW IF EXISTS `v_type`*/;
SET @saved_cs_client     = @@character_set_client;
/*!50503 SET character_set_client = utf8mb4 */;
/*!50001 CREATE VIEW `v_type` AS SELECT 
 1 AS `idTax`,
 1 AS `DiscountID`,
 1 AS `typeID`,
 1 AS `inventory_type_name`,
 1 AS `DiscountName`,
 1 AS `minQty`,
 1 AS `maxQty`,
 1 AS `Discount`,
 1 AS `bottle_deposit`,
 1 AS `sales_tax`,
 1 AS `local_sales_tax`,
 1 AS `Tax_Name`*/;
SET character_set_client = @saved_cs_client;

--
-- Dumping events for database 'inventory'
--

--
-- Dumping routines for database 'inventory'
--

--
-- Final view structure for view `inventory_quantity`
--

/*!50001 DROP VIEW IF EXISTS `inventory_quantity`*/;
/*!50001 SET @saved_cs_client          = @@character_set_client */;
/*!50001 SET @saved_cs_results         = @@character_set_results */;
/*!50001 SET @saved_col_connection     = @@collation_connection */;
/*!50001 SET character_set_client      = utf8mb4 */;
/*!50001 SET character_set_results     = utf8mb4 */;
/*!50001 SET collation_connection      = utf8mb4_0900_ai_ci */;
/*!50001 CREATE ALGORITHM=UNDEFINED */
/*!50013 DEFINER=`root`@`localhost` SQL SECURITY DEFINER */
/*!50001 VIEW `inventory_quantity` AS select 1 AS `item_name`,1 AS `inventoryID`,1 AS `quantity`,1 AS `barcode`,1 AS `retail_price`,1 AS `supplierID`,1 AS `item_description`,1 AS `typeID`,1 AS `bottle_deposit_qty`,1 AS `nontaxable`,1 AS `nontaxable_local` */;
/*!50001 SET character_set_client      = @saved_cs_client */;
/*!50001 SET character_set_results     = @saved_cs_results */;
/*!50001 SET collation_connection      = @saved_col_connection */;

--
-- Final view structure for view `v_discount`
--

/*!50001 DROP VIEW IF EXISTS `v_discount`*/;
/*!50001 SET @saved_cs_client          = @@character_set_client */;
/*!50001 SET @saved_cs_results         = @@character_set_results */;
/*!50001 SET @saved_col_connection     = @@collation_connection */;
/*!50001 SET character_set_client      = utf8mb4 */;
/*!50001 SET character_set_results     = utf8mb4 */;
/*!50001 SET collation_connection      = utf8mb4_0900_ai_ci */;
/*!50001 CREATE ALGORITHM=UNDEFINED */
/*!50013 DEFINER=`invuser`@`localhost` SQL SECURITY DEFINER */
/*!50001 VIEW `v_discount` AS select `discount`.`DiscountID` AS `DiscountID`,`discount`.`DiscountName` AS `DiscountName`,`discount`.`minQty` AS `minQty`,`discount`.`maxQty` AS `maxQty`,`discount`.`Discount` AS `Discount` from `discount` */;
/*!50001 SET character_set_client      = @saved_cs_client */;
/*!50001 SET character_set_results     = @saved_cs_results */;
/*!50001 SET collation_connection      = @saved_col_connection */;

--
-- Final view structure for view `v_event`
--

/*!50001 DROP VIEW IF EXISTS `v_event`*/;
/*!50001 SET @saved_cs_client          = @@character_set_client */;
/*!50001 SET @saved_cs_results         = @@character_set_results */;
/*!50001 SET @saved_col_connection     = @@collation_connection */;
/*!50001 SET character_set_client      = utf8mb4 */;
/*!50001 SET character_set_results     = utf8mb4 */;
/*!50001 SET collation_connection      = utf8mb4_0900_ai_ci */;
/*!50001 CREATE ALGORITHM=UNDEFINED */
/*!50013 DEFINER=`root`@`localhost` SQL SECURITY DEFINER */
/*!50001 VIEW `v_event` AS select `i`.`inventoryID` AS `inventoryID`,`i`.`name` AS `name`,`i`.`barcode` AS `barcode`,`i`.`nontaxable` AS `nontaxable`,`i`.`nontaxable_local` AS `nontaxable_local`,`i`.`typeID` AS `typeID`,`t`.`inventory_type_name` AS `inventory_type_name`,`ip`.`inventory_qty` AS `inventory_qty`,`t`.`idTax` AS `idTax`,`c`.`sales_tax` AS `sales_tax`,`c`.`local_sales_tax` AS `local_sales_tax`,`e`.`Preorder` AS `PreOrder`,`e`.`AtDoor` AS `AtDoor`,`e`.`Duration` AS `Durantion`,`e`.`EventDate` AS `EventDate`,`c`.`Tax_Name` AS `Tax_Name` from ((((`inventory_description` `i` join `inventory_type` `t` on((`i`.`typeID` = `t`.`typeID`))) join `tax` `c` on((`c`.`idTAX` = `t`.`idTax`))) join `events` `e` on((`i`.`inventoryID` = `e`.`inventoryID`))) join `inventory_price` `ip` on((`i`.`inventoryID` = `ip`.`inventoryID`))) */;
/*!50001 SET character_set_client      = @saved_cs_client */;
/*!50001 SET character_set_results     = @saved_cs_results */;
/*!50001 SET collation_connection      = @saved_col_connection */;

--
-- Final view structure for view `v_inventory`
--

/*!50001 DROP VIEW IF EXISTS `v_inventory`*/;
/*!50001 SET @saved_cs_client          = @@character_set_client */;
/*!50001 SET @saved_cs_results         = @@character_set_results */;
/*!50001 SET @saved_col_connection     = @@collation_connection */;
/*!50001 SET character_set_client      = utf8mb4 */;
/*!50001 SET character_set_results     = utf8mb4 */;
/*!50001 SET collation_connection      = utf8mb4_0900_ai_ci */;
/*!50001 CREATE ALGORITHM=UNDEFINED */
/*!50013 DEFINER=`root`@`localhost` SQL SECURITY DEFINER */
/*!50001 VIEW `v_inventory` AS select `i`.`inventoryID` AS `inventoryID`,`i`.`description` AS `description`,`i`.`name` AS `name`,`i`.`barcode` AS `barcode`,`i`.`retail_price` AS `retail_price`,`i`.`bottle_deposit_qty` AS `bottles`,`i`.`nontaxable` AS `nontaxable`,`i`.`nontaxable_local` AS `nontaxable_local`,`i`.`typeID` AS `typeID`,`t`.`inventory_type_name` AS `inventory_type_name`,`i`.`supplierID` AS `supplierID`,`s`.`name` AS `supplier`,`discount_inventory`.`DiscountID` AS `DiscountID`,`d`.`DiscountName` AS `DiscountName`,`d`.`minQty` AS `minQty`,`d`.`maxQty` AS `maxQty`,`d`.`Discount` AS `Discount`,`ip`.`inventory_qty` AS `inventory_qty`,`ip`.`supplier_price` AS `supplier_price`,`ip`.`purchased_date` AS `purchased_date`,`t`.`idTax` AS `idTax`,`c`.`bottle_deposit` AS `bottle_deposit`,`c`.`sales_tax` AS `sales_tax`,`c`.`local_sales_tax` AS `local_sales_tax`,`c`.`Tax_Name` AS `Tax_Name` from ((((((`inventory_description` `i` join `inventory_type` `t` on((`i`.`typeID` = `t`.`typeID`))) join `tax` `c` on((`c`.`idTAX` = `t`.`idTax`))) left join `supplier` `s` on((`i`.`supplierID` = `s`.`supplierID`))) left join `inventory_price` `ip` on((`i`.`inventoryID` = `ip`.`inventoryID`))) left join `discount_inventory` on((`i`.`inventoryID` = `discount_inventory`.`InventoryID`))) left join `discount` `d` on((`discount_inventory`.`DiscountID` = `d`.`DiscountID`))) */;
/*!50001 SET character_set_client      = @saved_cs_client */;
/*!50001 SET character_set_results     = @saved_cs_results */;
/*!50001 SET collation_connection      = @saved_col_connection */;

--
-- Final view structure for view `v_suspendedtransaction`
--

/*!50001 DROP VIEW IF EXISTS `v_suspendedtransaction`*/;
/*!50001 SET @saved_cs_client          = @@character_set_client */;
/*!50001 SET @saved_cs_results         = @@character_set_results */;
/*!50001 SET @saved_col_connection     = @@collation_connection */;
/*!50001 SET character_set_client      = utf8mb4 */;
/*!50001 SET character_set_results     = utf8mb4 */;
/*!50001 SET collation_connection      = utf8mb4_0900_ai_ci */;
/*!50001 CREATE ALGORITHM=UNDEFINED */
/*!50013 DEFINER=`root`@`localhost` SQL SECURITY DEFINER */
/*!50001 VIEW `v_suspendedtransaction` AS select `transaction`.`receiptID` AS `receiptID`,sum(`transaction_items`.`sold_price`) AS `TotalSale`,sum(`payments`.`Amount`) AS `TotalPayment` from ((`transaction` left join `transaction_items` on((`transaction`.`receiptID` = `transaction_items`.`receiptID`))) left join `payments` on((`transaction`.`receiptID` = `payments`.`ReceiptID`))) group by `transaction`.`receiptID` having (`TotalSale` > `TotalPayment`) */;
/*!50001 SET character_set_client      = @saved_cs_client */;
/*!50001 SET character_set_results     = @saved_cs_results */;
/*!50001 SET collation_connection      = @saved_col_connection */;

--
-- Final view structure for view `v_tax`
--

/*!50001 DROP VIEW IF EXISTS `v_tax`*/;
/*!50001 SET @saved_cs_client          = @@character_set_client */;
/*!50001 SET @saved_cs_results         = @@character_set_results */;
/*!50001 SET @saved_col_connection     = @@collation_connection */;
/*!50001 SET character_set_client      = utf8mb4 */;
/*!50001 SET character_set_results     = utf8mb4 */;
/*!50001 SET collation_connection      = utf8mb4_0900_ai_ci */;
/*!50001 CREATE ALGORITHM=UNDEFINED */
/*!50013 DEFINER=`root`@`localhost` SQL SECURITY DEFINER */
/*!50001 VIEW `v_tax` AS select `tax`.`idTAX` AS `idTAX`,`tax`.`bottle_deposit` AS `bottle_deposit`,`tax`.`sales_tax` AS `sales_tax`,`tax`.`local_sales_tax` AS `local_sales_tax`,`tax`.`Tax_Name` AS `Tax_Name` from `tax` */;
/*!50001 SET character_set_client      = @saved_cs_client */;
/*!50001 SET character_set_results     = @saved_cs_results */;
/*!50001 SET collation_connection      = @saved_col_connection */;

--
-- Final view structure for view `v_transaction_items`
--

/*!50001 DROP VIEW IF EXISTS `v_transaction_items`*/;
/*!50001 SET @saved_cs_client          = @@character_set_client */;
/*!50001 SET @saved_cs_results         = @@character_set_results */;
/*!50001 SET @saved_col_connection     = @@collation_connection */;
/*!50001 SET character_set_client      = utf8mb4 */;
/*!50001 SET character_set_results     = utf8mb4 */;
/*!50001 SET collation_connection      = utf8mb4_0900_ai_ci */;
/*!50001 CREATE ALGORITHM=UNDEFINED */
/*!50013 DEFINER=`root`@`localhost` SQL SECURITY DEFINER */
/*!50001 VIEW `v_transaction_items` AS select `ti`.`receiptID` AS `receiptID`,`i`.`name` AS `name`,`ti`.`inventoryID` AS `InventoryID`,`i`.`barcode` AS `barcode`,`ti`.`sold_qty` AS `sold_qty`,`ti`.`sold_price` AS `sold_price`,`ti`.`supplier_price` AS `supplier_price`,`i`.`bottle_deposit_qty` AS `bottles`,`t`.`inventory_type_name` AS `inventory_type_name`,`i`.`nontaxable` AS `nontaxable`,`i`.`nontaxable_local` AS `nontaxable_local`,`ip`.`inventory_qty` AS `inventory_qty` from ((((`transaction_items` `ti` join `inventory_description` `i` on((`ti`.`inventoryID` = `i`.`inventoryID`))) left join `inventory_type` `t` on((`i`.`typeID` = `t`.`typeID`))) left join `supplier` `s` on((`i`.`supplierID` = `s`.`supplierID`))) left join `inventory_price` `ip` on((`ti`.`inventoryID` = `ip`.`inventoryID`))) */;
/*!50001 SET character_set_client      = @saved_cs_client */;
/*!50001 SET character_set_results     = @saved_cs_results */;
/*!50001 SET collation_connection      = @saved_col_connection */;

--
-- Final view structure for view `v_type`
--

/*!50001 DROP VIEW IF EXISTS `v_type`*/;
/*!50001 SET @saved_cs_client          = @@character_set_client */;
/*!50001 SET @saved_cs_results         = @@character_set_results */;
/*!50001 SET @saved_col_connection     = @@collation_connection */;
/*!50001 SET character_set_client      = utf8mb4 */;
/*!50001 SET character_set_results     = utf8mb4 */;
/*!50001 SET collation_connection      = utf8mb4_0900_ai_ci */;
/*!50001 CREATE ALGORITHM=UNDEFINED */
/*!50013 DEFINER=`root`@`localhost` SQL SECURITY DEFINER */
/*!50001 VIEW `v_type` AS select `inventory_type`.`idTax` AS `idTax`,`discount_type`.`DiscountID` AS `DiscountID`,`inventory_type`.`typeID` AS `typeID`,`inventory_type`.`inventory_type_name` AS `inventory_type_name`,`discount`.`DiscountName` AS `DiscountName`,`discount`.`minQty` AS `minQty`,`discount`.`maxQty` AS `maxQty`,`discount`.`Discount` AS `Discount`,`tax`.`bottle_deposit` AS `bottle_deposit`,`tax`.`sales_tax` AS `sales_tax`,`tax`.`local_sales_tax` AS `local_sales_tax`,`tax`.`Tax_Name` AS `Tax_Name` from (((`inventory_type` left join `discount_type` on((`inventory_type`.`typeID` = `discount_type`.`typeID`))) left join `discount` on((`discount_type`.`DiscountID` = `discount`.`DiscountID`))) join `tax` on((`inventory_type`.`idTax` = `tax`.`idTAX`))) */;
/*!50001 SET character_set_client      = @saved_cs_client */;
/*!50001 SET character_set_results     = @saved_cs_results */;
/*!50001 SET collation_connection      = @saved_col_connection */;
/*!40103 SET TIME_ZONE=@OLD_TIME_ZONE */;

/*!40101 SET SQL_MODE=@OLD_SQL_MODE */;
/*!40014 SET FOREIGN_KEY_CHECKS=@OLD_FOREIGN_KEY_CHECKS */;
/*!40014 SET UNIQUE_CHECKS=@OLD_UNIQUE_CHECKS */;
/*!40101 SET CHARACTER_SET_CLIENT=@OLD_CHARACTER_SET_CLIENT */;
/*!40101 SET CHARACTER_SET_RESULTS=@OLD_CHARACTER_SET_RESULTS */;
/*!40101 SET COLLATION_CONNECTION=@OLD_COLLATION_CONNECTION */;
/*!40111 SET SQL_NOTES=@OLD_SQL_NOTES */;

-- Dump completed on 2020-12-29 19:40:14

